date,java,python,c++,pandas,javascript,sql,html,ios
2008-07-31,0,0,0,0,0,0,1,0
2008-08-01,2,0,3,0,0,3,3,0
2008-08-02,2,4,1,0,0,1,0,0
2008-08-03,0,6,2,0,1,2,1,0
2008-08-04,0,4,4,0,1,3,2,0
2008-08-05,4,7,3,0,1,7,3,0
2008-08-06,4,3,4,0,7,8,1,0
2008-08-07,5,6,1,0,8,6,7,0
2008-08-08,4,2,2,0,4,3,4,0
2008-08-09,5,0,1,0,2,2,0,0
2008-08-10,2,1,1,0,3,1,0,0
2008-08-11,8,1,5,0,4,2,2,0
2008-08-12,4,3,5,0,5,2,1,0
2008-08-13,4,1,5,0,6,4,2,0
2008-08-14,6,1,9,0,1,7,1,1
2008-08-15,5,2,6,0,1,3,4,0
2008-08-16,2,1,1,0,2,0,1,0
2008-08-17,2,4,3,0,1,1,3,0
2008-08-18,4,3,8,0,5,3,5,0
2008-08-19,16,4,6,0,6,6,4,0
2008-08-20,8,4,11,0,9,13,4,0
2008-08-21,14,8,5,0,8,12,4,0
2008-08-22,15,8,11,0,9,9,4,1
2008-08-23,7,2,6,0,3,3,0,0
2008-08-24,7,2,4,0,6,4,5,0
2008-08-25,15,6,7,0,8,2,6,0
2008-08-26,14,7,16,0,8,8,4,1
2008-08-27,21,6,7,0,19,9,9,0
2008-08-28,22,8,7,0,17,9,8,0
2008-08-29,16,11,10,0,12,6,9,0
2008-08-30,4,11,8,0,4,1,6,0
2008-08-31,8,7,4,0,4,7,5,0
2008-09-01,13,9,11,0,2,10,2,1
2008-09-02,17,9,12,0,11,13,5,1
2008-09-03,15,9,14,0,14,5,7,0
2008-09-04,15,14,6,0,13,10,11,0
2008-09-05,21,8,7,0,16,15,7,0
2008-09-06,7,7,3,0,3,3,4,1
2008-09-07,10,8,12,0,4,2,4,0
2008-09-08,16,12,11,0,18,9,11,1
2008-09-09,18,11,16,0,14,11,5,0
2008-09-10,25,12,14,0,15,8,7,0
2008-09-11,20,5,19,0,18,12,8,0
2008-09-12,19,7,8,0,7,15,4,0
2008-09-13,4,8,12,0,5,7,3,0
2008-09-14,7,4,11,0,7,1,6,0
2008-09-15,80,24,37,0,39,20,17,1
2008-09-16,105,45,62,0,35,38,26,0
2008-09-17,106,34,57,0,55,47,23,0
2008-09-18,87,36,54,0,43,31,24,0
2008-09-19,86,21,51,0,38,30,15,0
2008-09-20,19,19,16,0,16,7,9,0
2008-09-21,16,19,16,0,13,8,7,0
2008-09-22,54,40,45,0,34,32,20,1
2008-09-23,69,39,39,0,37,34,21,0
2008-09-24,63,32,37,0,34,27,11,1
2008-09-25,64,30,40,0,31,21,20,1
2008-09-26,72,30,42,0,37,20,20,0
2008-09-27,26,11,19,0,11,10,5,1
2008-09-28,25,9,27,0,9,2,4,1
2008-09-29,37,23,40,0,26,28,15,1
2008-09-30,53,16,46,0,37,24,13,0
2008-10-01,46,28,30,0,32,16,11,1
2008-10-02,55,18,41,0,27,25,17,0
2008-10-03,36,23,37,0,19,13,11,0
2008-10-04,15,7,6,0,18,11,4,0
2008-10-05,13,16,14,0,14,7,3,0
2008-10-06,44,16,28,0,31,21,12,0
2008-10-07,52,21,40,0,29,23,10,0
2008-10-08,59,22,35,0,26,34,8,0
2008-10-09,48,17,29,0,25,23,9,0
2008-10-10,36,25,28,0,22,25,10,2
2008-10-11,19,5,14,0,15,2,3,0
2008-10-12,16,8,13,0,13,1,7,0
2008-10-13,43,17,35,0,34,14,17,0
2008-10-14,49,11,29,0,29,24,10,0
2008-10-15,36,22,33,0,23,39,13,2
2008-10-16,56,23,30,0,42,22,14,0
2008-10-17,46,21,32,0,25,12,14,1
2008-10-18,15,16,18,0,9,5,4,1
2008-10-19,13,9,12,0,7,9,1,0
2008-10-20,45,11,20,0,25,19,15,2
2008-10-21,47,23,32,0,34,20,13,0
2008-10-22,63,24,31,0,34,16,19,1
2008-10-23,47,17,32,0,19,28,15,1
2008-10-24,29,11,31,0,23,13,9,0
2008-10-25,16,10,18,0,9,6,5,0
2008-10-26,16,13,21,0,4,6,1,0
2008-10-27,40,16,21,0,17,16,9,1
2008-10-28,50,23,30,0,32,23,14,0
2008-10-29,34,12,32,0,27,23,20,0
2008-10-30,36,20,20,0,36,22,12,1
2008-10-31,44,16,25,0,23,21,16,1
2008-11-01,9,6,11,0,7,4,4,0
2008-11-02,7,6,18,0,10,7,5,2
2008-11-03,34,22,22,0,16,12,19,0
2008-11-04,55,14,38,0,26,26,14,0
2008-11-05,52,13,29,0,27,17,13,0
2008-11-06,52,21,47,0,23,26,15,0
2008-11-07,52,23,35,0,18,20,23,0
2008-11-08,12,7,17,0,8,0,4,1
2008-11-09,17,15,20,0,12,5,5,1
2008-11-10,42,13,26,0,18,18,18,1
2008-11-11,36,14,38,0,34,12,16,0
2008-11-12,44,19,38,0,21,22,11,1
2008-11-13,38,19,24,0,27,19,16,2
2008-11-14,38,15,30,0,26,13,17,0
2008-11-15,16,5,9,0,12,9,9,0
2008-11-16,10,10,21,0,14,8,5,0
2008-11-17,46,25,25,0,20,23,11,0
2008-11-18,56,16,19,0,36,14,20,0
2008-11-19,35,20,40,0,27,16,8,0
2008-11-20,44,24,34,0,21,26,15,0
2008-11-21,48,18,42,0,20,20,10,1
2008-11-22,11,18,8,0,9,5,2,0
2008-11-23,12,14,14,0,12,5,2,1
2008-11-24,39,11,29,0,25,13,11,0
2008-11-25,40,17,30,0,29,23,19,0
2008-11-26,46,15,30,0,25,21,11,0
2008-11-27,23,16,17,0,19,11,8,0
2008-11-28,25,12,15,0,17,8,10,0
2008-11-29,16,21,8,0,11,6,2,1
2008-11-30,14,11,13,0,8,5,3,0
2008-12-01,30,15,26,0,21,15,12,0
2008-12-02,40,13,37,0,35,21,16,1
2008-12-03,42,22,18,0,33,21,15,2
2008-12-04,40,16,37,0,23,16,11,0
2008-12-05,36,17,24,0,32,14,10,1
2008-12-06,12,12,13,0,13,6,4,0
2008-12-07,12,12,15,0,17,5,4,1
2008-12-08,34,12,24,0,23,26,6,0
2008-12-09,32,23,29,0,23,24,14,0
2008-12-10,46,19,21,0,28,17,18,0
2008-12-11,44,16,24,0,26,23,20,1
2008-12-12,41,20,30,0,18,13,14,0
2008-12-13,8,10,17,0,12,5,8,0
2008-12-14,11,13,12,0,16,6,3,0
2008-12-15,43,22,23,0,19,20,7,1
2008-12-16,36,21,29,0,23,23,16,1
2008-12-17,46,24,27,0,31,18,23,0
2008-12-18,43,20,32,0,22,31,10,0
2008-12-19,37,10,24,0,27,19,7,0
2008-12-20,15,8,4,0,14,5,5,0
2008-12-21,6,10,13,0,11,6,3,0
2008-12-22,29,15,24,0,16,13,15,0
2008-12-23,19,13,19,0,25,10,9,1
2008-12-24,15,10,22,0,8,11,5,0
2008-12-25,8,4,7,0,7,2,2,1
2008-12-26,14,10,7,0,5,7,0,0
2008-12-27,12,10,10,0,15,3,5,0
2008-12-28,14,9,13,0,7,2,6,0
2008-12-29,26,13,20,0,19,16,9,1
2008-12-30,29,15,21,0,37,14,8,2
2008-12-31,29,12,19,0,23,14,10,0
2009-01-01,11,19,14,0,7,5,5,0
2009-01-02,26,13,16,0,21,12,13,0
2009-01-03,14,15,13,0,8,4,5,1
2009-01-04,12,13,17,0,10,6,3,0
2009-01-05,31,16,16,0,24,17,13,2
2009-01-06,53,17,29,0,27,15,19,1
2009-01-07,37,23,34,0,34,26,6,1
2009-01-08,54,16,35,0,36,25,19,0
2009-01-09,37,21,23,0,27,17,15,1
2009-01-10,20,11,17,0,9,13,10,1
2009-01-11,18,18,21,0,21,11,9,1
2009-01-12,45,19,26,0,33,24,16,0
2009-01-13,64,31,41,0,35,22,15,1
2009-01-14,54,31,34,0,30,30,15,0
2009-01-15,34,24,35,0,25,23,23,2
2009-01-16,34,22,31,0,25,23,16,0
2009-01-17,27,16,16,0,16,10,5,0
2009-01-18,20,19,16,0,17,7,3,0
2009-01-19,51,26,43,0,28,23,21,1
2009-01-20,67,13,42,0,45,21,15,2
2009-01-21,51,33,28,0,38,20,20,0
2009-01-22,40,28,35,0,33,34,20,1
2009-01-23,54,31,28,0,32,25,19,1
2009-01-24,17,19,21,0,13,15,10,2
2009-01-25,21,16,24,0,17,10,4,1
2009-01-26,57,13,30,0,31,25,11,0
2009-01-27,48,19,48,0,26,29,17,1
2009-01-28,36,26,35,0,42,33,15,1
2009-01-29,58,37,40,0,36,23,17,0
2009-01-30,52,21,38,0,29,31,14,1
2009-01-31,27,11,23,0,16,9,8,0
2009-02-01,17,21,21,0,17,4,7,0
2009-02-02,40,11,33,0,45,23,16,1
2009-02-03,45,23,34,0,32,38,16,0
2009-02-04,61,29,27,0,54,48,20,1
2009-02-05,69,28,35,0,39,34,14,1
2009-02-06,55,31,28,0,44,31,29,0
2009-02-07,15,18,23,0,16,12,11,0
2009-02-08,11,18,21,0,14,10,18,0
2009-02-09,55,33,35,0,37,21,19,0
2009-02-10,57,29,36,0,42,35,23,3
2009-02-11,55,23,37,0,42,25,20,1
2009-02-12,51,31,40,0,44,30,22,1
2009-02-13,52,22,26,0,32,36,19,1
2009-02-14,15,12,15,0,14,8,12,0
2009-02-15,13,19,28,0,14,7,10,0
2009-02-16,39,19,27,0,38,21,6,1
2009-02-17,42,29,45,0,43,35,19,0
2009-02-18,65,21,34,0,42,27,20,1
2009-02-19,67,24,42,0,34,22,21,1
2009-02-20,37,30,27,0,36,25,26,0
2009-02-21,28,12,17,0,17,7,12,0
2009-02-22,33,17,16,0,23,7,15,0
2009-02-23,61,41,39,0,35,24,12,1
2009-02-24,61,23,52,0,37,32,26,1
2009-02-25,64,11,30,0,53,29,20,1
2009-02-26,71,28,37,0,46,35,21,1
2009-02-27,43,18,39,0,42,33,17,1
2009-02-28,10,23,21,0,20,9,3,0
2009-03-01,15,20,26,0,20,8,9,2
2009-03-02,60,29,38,0,36,22,19,1
2009-03-03,53,29,43,0,42,30,25,0
2009-03-04,62,25,34,0,49,28,23,1
2009-03-05,58,19,42,0,34,28,19,0
2009-03-06,50,27,38,0,30,27,22,0
2009-03-07,25,16,31,0,13,9,6,1
2009-03-08,32,16,22,0,14,7,7,1
2009-03-09,54,31,40,0,36,20,19,2
2009-03-10,52,24,38,0,42,27,24,2
2009-03-11,69,27,29,0,45,28,21,0
2009-03-12,44,36,51,0,41,30,19,1
2009-03-13,50,33,39,0,40,30,18,1
2009-03-14,24,14,28,0,20,8,12,0
2009-03-15,20,22,19,0,18,9,10,0
2009-03-16,63,26,43,0,44,34,14,0
2009-03-17,48,25,46,0,27,20,19,1
2009-03-18,62,25,40,0,29,20,20,0
2009-03-19,57,25,43,0,39,22,16,0
2009-03-20,58,32,32,0,49,28,19,0
2009-03-21,26,9,14,0,13,12,9,0
2009-03-22,20,13,16,0,16,9,9,0
2009-03-23,77,31,42,0,43,19,25,0
2009-03-24,54,36,39,0,33,18,24,0
2009-03-25,59,31,50,0,50,32,21,0
2009-03-26,63,33,35,0,40,35,19,0
2009-03-27,45,25,35,0,44,21,17,0
2009-03-28,24,10,17,0,11,9,6,0
2009-03-29,25,13,24,0,19,12,8,0
2009-03-30,57,30,38,0,37,33,20,1
2009-03-31,52,34,32,0,40,30,22,0
2009-04-01,63,34,47,0,47,34,16,1
2009-04-02,62,28,41,0,35,24,23,0
2009-04-03,44,32,36,0,44,39,21,0
2009-04-04,18,17,20,0,21,7,5,1
2009-04-05,24,12,22,0,17,7,10,0
2009-04-06,50,24,35,0,36,25,19,0
2009-04-07,67,19,44,0,53,32,24,0
2009-04-08,78,33,44,0,41,33,18,0
2009-04-09,56,22,51,0,31,27,20,0
2009-04-10,55,16,33,0,27,20,8,0
2009-04-11,27,21,27,0,23,9,13,1
2009-04-12,22,7,19,0,19,10,8,0
2009-04-13,45,24,26,0,31,16,14,2
2009-04-14,40,22,33,0,38,21,20,1
2009-04-15,69,31,40,0,53,33,23,0
2009-04-16,55,29,49,0,51,37,10,2
2009-04-17,63,40,34,0,45,31,18,1
2009-04-18,28,17,15,0,16,15,11,0
2009-04-19,35,15,22,0,19,11,11,0
2009-04-20,73,33,29,0,41,31,20,0
2009-04-21,68,35,44,0,28,31,30,0
2009-04-22,76,39,45,0,34,37,25,0
2009-04-23,72,28,40,0,38,35,18,0
2009-04-24,61,35,45,0,37,28,24,0
2009-04-25,33,22,29,0,26,6,16,0
2009-04-26,27,19,18,0,15,8,10,1
2009-04-27,64,31,30,0,40,38,18,0
2009-04-28,58,32,42,0,48,28,20,1
2009-04-29,69,24,43,0,53,36,14,1
2009-04-30,60,30,39,0,48,30,34,3
2009-05-01,55,29,30,0,43,26,17,0
2009-05-02,25,17,9,0,27,10,14,0
2009-05-03,43,21,26,0,25,11,17,0
2009-05-04,66,32,39,0,56,32,19,1
2009-05-05,78,27,42,0,57,24,36,0
2009-05-06,69,31,50,0,46,43,21,1
2009-05-07,82,30,67,0,51,43,21,0
2009-05-08,81,28,52,0,55,39,23,2
2009-05-09,29,27,24,0,19,15,5,0
2009-05-10,27,23,22,0,28,16,7,0
2009-05-11,69,34,47,0,54,26,21,1
2009-05-12,82,46,47,0,52,38,22,2
2009-05-13,95,39,57,0,59,51,34,2
2009-05-14,85,42,55,0,74,44,36,2
2009-05-15,64,39,54,0,43,37,26,1
2009-05-16,33,24,38,0,31,9,4,0
2009-05-17,44,30,34,0,31,10,16,0
2009-05-18,76,28,50,0,57,21,24,0
2009-05-19,80,48,52,0,59,29,20,0
2009-05-20,62,39,43,0,53,40,22,0
2009-05-21,77,45,51,0,69,32,34,1
2009-05-22,51,38,52,0,58,30,28,2
2009-05-23,30,19,23,0,24,9,7,0
2009-05-24,32,26,20,0,25,9,18,1
2009-05-25,45,25,29,0,39,26,25,2
2009-05-26,92,41,47,0,58,32,30,1
2009-05-27,87,45,55,0,60,40,26,0
2009-05-28,71,49,45,0,76,34,34,1
2009-05-29,67,35,33,0,52,40,35,2
2009-05-30,32,23,23,0,36,19,13,2
2009-05-31,21,21,29,0,25,16,14,0
2009-06-01,65,33,44,0,50,48,24,3
2009-06-02,70,42,48,0,65,38,33,1
2009-06-03,76,36,47,0,72,30,32,0
2009-06-04,99,31,43,0,86,38,27,0
2009-06-05,72,36,42,0,49,31,33,2
2009-06-06,33,22,27,0,25,13,20,1
2009-06-07,32,25,24,0,28,11,12,0
2009-06-08,76,28,37,0,61,32,36,0
2009-06-09,92,42,56,0,52,45,16,3
2009-06-10,93,41,44,0,73,46,30,2
2009-06-11,75,41,73,0,63,43,30,0
2009-06-12,81,37,31,0,50,30,25,0
2009-06-13,20,25,18,0,23,5,9,1
2009-06-14,27,22,33,0,20,9,16,0
2009-06-15,73,40,55,0,62,35,34,2
2009-06-16,102,39,46,0,49,35,26,1
2009-06-17,100,41,59,0,67,29,33,0
2009-06-18,102,49,57,0,53,39,29,0
2009-06-19,67,47,26,0,39,36,19,0
2009-06-20,31,23,27,0,26,13,10,1
2009-06-21,41,26,19,0,23,9,11,0
2009-06-22,90,35,47,0,47,25,20,1
2009-06-23,100,54,57,0,71,41,39,0
2009-06-24,96,30,46,0,87,48,45,2
2009-06-25,91,35,60,0,70,37,29,3
2009-06-26,90,29,51,0,60,49,19,0
2009-06-27,27,21,22,0,23,12,8,0
2009-06-28,34,25,26,0,27,15,18,2
2009-06-29,83,51,56,0,77,38,41,0
2009-06-30,95,43,54,0,63,45,25,1
2009-07-01,94,31,52,0,70,43,38,0
2009-07-02,107,46,31,0,71,33,39,0
2009-07-03,75,39,40,0,45,16,25,0
2009-07-04,33,22,24,0,22,10,14,1
2009-07-05,32,18,22,0,19,12,9,1
2009-07-06,91,39,51,0,60,38,30,0
2009-07-07,105,42,55,0,81,43,42,2
2009-07-08,96,40,47,0,77,39,42,0
2009-07-09,98,39,46,0,59,51,36,0
2009-07-10,88,49,64,0,47,43,37,3
2009-07-11,38,21,31,0,25,16,14,1
2009-07-12,28,22,29,0,31,12,14,1
2009-07-13,79,51,59,0,53,52,35,1
2009-07-14,81,37,66,0,66,55,37,2
2009-07-15,95,44,60,0,71,51,39,2
2009-07-16,91,36,70,0,76,52,36,4
2009-07-17,70,46,57,0,71,44,33,2
2009-07-18,33,16,24,0,28,14,21,0
2009-07-19,41,27,35,0,30,18,17,0
2009-07-20,84,49,65,0,60,47,27,1
2009-07-21,80,45,48,0,72,42,40,1
2009-07-22,99,45,66,0,90,37,48,1
2009-07-23,88,50,50,0,70,56,45,0
2009-07-24,69,38,55,0,48,50,25,1
2009-07-25,35,21,28,0,34,11,15,1
2009-07-26,37,32,36,0,37,14,18,0
2009-07-27,91,53,49,0,57,26,43,0
2009-07-28,96,34,50,0,65,44,43,1
2009-07-29,92,61,60,0,85,51,34,1
2009-07-30,90,35,58,0,70,40,34,2
2009-07-31,71,44,57,0,66,32,33,0
2009-08-01,39,17,24,0,32,21,13,1
2009-08-02,28,18,30,0,22,18,22,1
2009-08-03,77,41,48,0,85,31,38,0
2009-08-04,85,37,55,0,71,46,36,2
2009-08-05,94,49,59,0,85,39,49,2
2009-08-06,106,40,67,0,70,44,37,2
2009-08-07,79,35,51,0,75,45,41,4
2009-08-08,41,23,21,0,48,20,23,1
2009-08-09,40,26,24,0,31,10,25,0
2009-08-10,76,45,77,0,54,34,30,0
2009-08-11,78,39,57,0,75,43,36,0
2009-08-12,91,46,60,0,75,47,35,0
2009-08-13,97,52,61,0,68,46,40,2
2009-08-14,97,38,50,0,69,36,47,0
2009-08-15,25,18,22,0,37,12,12,0
2009-08-16,36,21,31,0,34,14,15,1
2009-08-17,83,46,55,0,81,39,36,0
2009-08-18,91,52,49,0,80,49,47,1
2009-08-19,98,65,58,0,69,40,34,0
2009-08-20,96,58,58,0,95,41,43,0
2009-08-21,91,43,53,0,62,36,26,2
2009-08-22,30,24,35,0,38,18,19,0
2009-08-23,37,24,17,0,31,10,13,1
2009-08-24,76,39,42,0,57,36,37,2
2009-08-25,85,41,62,0,76,52,38,1
2009-08-26,88,47,69,0,70,35,41,2
2009-08-27,105,43,63,0,86,47,34,3
2009-08-28,92,44,45,0,59,45,35,3
2009-08-29,42,22,29,0,36,19,20,1
2009-08-30,37,23,33,0,35,12,16,1
2009-08-31,82,28,32,0,58,44,39,0
2009-09-01,86,30,45,0,58,42,41,0
2009-09-02,80,45,73,0,79,56,35,2
2009-09-03,91,38,61,0,66,56,32,3
2009-09-04,90,42,64,0,57,48,24,0
2009-09-05,43,24,26,0,26,9,20,2
2009-09-06,55,27,17,0,34,20,27,0
2009-09-07,78,36,44,0,58,39,42,0
2009-09-08,95,50,60,0,68,48,34,2
2009-09-09,97,47,56,0,85,65,45,1
2009-09-10,98,55,43,0,53,50,27,2
2009-09-11,89,54,68,0,66,62,30,0
2009-09-12,29,21,30,0,31,37,19,1
2009-09-13,40,27,31,0,29,19,26,1
2009-09-14,79,48,76,0,70,60,34,0
2009-09-15,93,33,50,0,74,63,40,2
2009-09-16,95,37,49,0,81,80,52,0
2009-09-17,93,41,64,0,71,74,25,0
2009-09-18,76,48,55,0,62,56,33,0
2009-09-19,32,30,34,0,41,15,6,1
2009-09-20,26,28,29,0,32,20,9,2
2009-09-21,77,50,48,0,58,37,29,1
2009-09-22,85,52,56,0,83,47,38,0
2009-09-23,98,48,55,0,65,52,31,4
2009-09-24,81,46,53,0,85,50,49,5
2009-09-25,77,39,41,0,61,54,31,1
2009-09-26,45,32,36,0,23,25,12,2
2009-09-27,35,35,38,0,30,29,19,1
2009-09-28,89,32,52,0,57,50,31,0
2009-09-29,114,42,60,0,76,43,36,0
2009-09-30,121,41,67,0,70,56,43,2
2009-10-01,102,41,56,0,77,52,24,1
2009-10-02,93,41,35,0,63,62,31,2
2009-10-03,55,32,31,0,28,27,21,0
2009-10-04,45,35,42,0,37,13,18,1
2009-10-05,87,61,53,0,53,57,28,2
2009-10-06,93,53,73,0,82,61,32,4
2009-10-07,100,55,65,0,80,60,34,1
2009-10-08,111,55,56,0,86,54,37,1
2009-10-09,73,54,55,0,78,43,34,0
2009-10-10,38,38,37,0,45,16,18,0
2009-10-11,42,29,43,0,37,18,16,1
2009-10-12,84,45,58,0,70,42,36,0
2009-10-13,97,46,59,0,70,44,35,2
2009-10-14,109,42,70,0,63,55,36,5
2009-10-15,111,49,69,0,85,65,42,0
2009-10-16,90,49,66,0,72,58,39,0
2009-10-17,46,30,39,0,37,20,18,1
2009-10-18,42,30,37,0,47,31,19,0
2009-10-19,93,43,70,0,56,70,37,1
2009-10-20,103,62,66,0,84,55,34,1
2009-10-21,110,60,61,0,72,64,44,1
2009-10-22,90,53,69,0,88,72,53,0
2009-10-23,90,53,58,0,87,50,47,2
2009-10-24,53,30,39,0,42,24,23,1
2009-10-25,37,33,36,0,40,16,10,1
2009-10-26,87,43,52,0,83,68,38,1
2009-10-27,92,63,74,0,94,76,42,3
2009-10-28,101,66,89,0,77,60,35,0
2009-10-29,106,64,63,0,88,57,34,0
2009-10-30,90,45,54,0,72,67,46,2
2009-10-31,58,34,33,0,47,23,12,2
2009-11-01,45,22,24,0,38,22,17,0
2009-11-02,106,60,66,0,82,45,37,0
2009-11-03,120,48,60,0,76,61,40,1
2009-11-04,125,53,52,0,82,66,46,0
2009-11-05,116,61,74,0,93,38,40,3
2009-11-06,91,71,61,0,71,41,32,0
2009-11-07,52,23,45,0,48,23,29,2
2009-11-08,50,38,41,0,40,19,29,0
2009-11-09,98,56,47,0,92,53,56,0
2009-11-10,128,73,68,0,88,53,47,1
2009-11-11,116,59,74,0,99,56,51,2
2009-11-12,119,65,74,0,96,56,42,0
2009-11-13,104,54,56,0,80,50,33,0
2009-11-14,55,46,51,0,47,24,22,0
2009-11-15,51,36,46,0,39,15,18,0
2009-11-16,90,58,71,0,82,50,49,1
2009-11-17,119,75,74,0,90,58,41,1
2009-11-18,129,42,72,0,80,39,44,1
2009-11-19,131,57,90,0,110,67,62,1
2009-11-20,106,72,57,0,89,44,34,1
2009-11-21,50,29,38,0,49,11,18,3
2009-11-22,47,44,47,0,44,20,21,1
2009-11-23,89,74,60,0,91,58,30,3
2009-11-24,116,63,77,0,89,45,54,2
2009-11-25,131,57,73,0,108,52,54,0
2009-11-26,120,59,62,0,81,40,33,1
2009-11-27,71,56,63,0,65,38,38,2
2009-11-28,51,34,37,0,41,18,23,0
2009-11-29,60,40,48,0,43,15,15,1
2009-11-30,101,54,73,0,103,42,44,0
2009-12-01,105,63,81,0,93,46,47,0
2009-12-02,134,71,59,0,117,49,49,2
2009-12-03,133,61,72,0,87,59,38,2
2009-12-04,101,58,66,0,93,47,44,0
2009-12-05,47,22,49,0,36,32,16,2
2009-12-06,50,32,53,0,49,10,16,1
2009-12-07,132,56,74,0,81,48,30,2
2009-12-08,100,66,52,0,85,49,42,1
2009-12-09,105,76,81,0,78,63,38,2
2009-12-10,129,62,60,0,105,75,63,2
2009-12-11,83,60,60,0,92,56,45,2
2009-12-12,51,37,33,0,41,20,38,2
2009-12-13,50,30,40,0,54,20,21,1
2009-12-14,101,66,62,0,86,49,43,0
2009-12-15,117,88,79,0,96,46,62,3
2009-12-16,133,74,78,0,88,37,53,3
2009-12-17,113,67,53,0,91,56,39,1
2009-12-18,86,56,60,0,91,40,46,1
2009-12-19,41,34,32,0,52,35,20,1
2009-12-20,49,33,44,0,46,17,19,1
2009-12-21,93,56,47,0,79,45,34,2
2009-12-22,105,55,56,0,97,49,58,1
2009-12-23,105,47,70,0,92,43,55,0
2009-12-24,85,47,49,0,68,23,27,0
2009-12-25,42,20,28,0,41,10,9,1
2009-12-26,49,32,32,0,41,11,11,0
2009-12-27,37,42,33,0,37,25,20,1
2009-12-28,86,50,52,0,67,28,22,1
2009-12-29,87,52,49,0,71,44,47,1
2009-12-30,92,50,42,0,76,37,41,3
2009-12-31,71,41,31,0,77,17,32,0
2010-01-01,52,29,32,0,33,14,27,0
2010-01-02,55,40,34,0,35,20,29,0
2010-01-03,47,55,42,0,42,22,24,0
2010-01-04,112,64,42,0,101,52,47,2
2010-01-05,135,62,70,0,86,44,42,3
2010-01-06,189,74,63,0,85,47,52,1
2010-01-07,169,91,64,0,114,51,54,4
2010-01-08,129,67,72,0,94,42,33,1
2010-01-09,67,47,42,0,58,17,33,1
2010-01-10,72,45,46,0,78,21,27,2
2010-01-11,142,54,54,0,94,55,54,0
2010-01-12,138,78,52,0,93,48,56,0
2010-01-13,170,87,79,0,114,64,43,2
2010-01-14,145,82,80,0,104,36,48,1
2010-01-15,142,54,65,0,104,48,49,0
2010-01-16,70,38,52,0,47,24,30,1
2010-01-17,78,45,49,0,45,25,32,1
2010-01-18,148,70,89,0,83,40,40,1
2010-01-19,170,84,81,0,121,70,75,0
2010-01-20,181,94,78,0,108,59,63,6
2010-01-21,136,85,85,0,110,58,65,4
2010-01-22,136,54,78,0,95,53,58,2
2010-01-23,73,52,53,0,50,33,25,0
2010-01-24,81,49,61,0,55,25,37,2
2010-01-25,152,71,84,0,101,51,52,1
2010-01-26,150,75,69,0,81,57,52,3
2010-01-27,161,101,86,0,123,39,63,1
2010-01-28,153,65,116,0,114,51,62,0
2010-01-29,158,64,83,0,111,57,57,1
2010-01-30,82,34,57,0,62,20,36,1
2010-01-31,76,57,58,0,84,18,45,1
2010-02-01,120,71,89,0,84,53,45,1
2010-02-02,148,77,92,0,106,79,56,0
2010-02-03,150,96,96,0,114,58,48,4
2010-02-04,140,73,87,0,101,57,42,4
2010-02-05,152,61,93,0,102,59,54,0
2010-02-06,64,52,51,0,62,24,29,1
2010-02-07,63,47,62,0,50,21,34,1
2010-02-08,149,57,82,0,115,47,41,2
2010-02-09,172,70,97,0,140,56,49,2
2010-02-10,187,76,88,0,93,61,55,2
2010-02-11,146,74,87,0,105,56,55,2
2010-02-12,155,73,88,0,105,51,44,0
2010-02-13,70,45,43,0,72,29,30,3
2010-02-14,63,56,52,0,62,18,30,0
2010-02-15,141,65,65,0,100,33,43,2
2010-02-16,162,78,101,0,95,59,59,1
2010-02-17,181,76,95,0,132,46,71,4
2010-02-18,156,75,109,0,103,51,57,3
2010-02-19,161,74,97,0,128,55,53,0
2010-02-20,81,51,51,0,76,17,38,1
2010-02-21,72,40,54,0,57,22,33,1
2010-02-22,154,92,88,0,100,58,48,2
2010-02-23,151,82,108,0,115,51,54,1
2010-02-24,147,80,110,0,122,57,49,1
2010-02-25,150,70,98,0,105,56,60,5
2010-02-26,157,65,93,0,92,68,40,4
2010-02-27,71,38,64,0,55,25,32,0
2010-02-28,76,56,60,0,62,27,34,0
2010-03-01,131,77,83,0,100,75,52,0
2010-03-02,172,78,90,0,110,63,60,2
2010-03-03,190,83,104,0,121,53,70,0
2010-03-04,170,72,102,0,117,63,59,1
2010-03-05,147,68,80,0,112,57,47,2
2010-03-06,86,49,71,0,51,17,35,3
2010-03-07,99,56,59,0,51,19,37,0
2010-03-08,147,80,74,0,116,61,57,2
2010-03-09,176,72,96,0,119,47,56,0
2010-03-10,180,85,84,0,123,53,56,2
2010-03-11,176,79,88,0,106,53,39,1
2010-03-12,156,73,80,0,93,64,48,2
2010-03-13,91,51,50,0,66,22,35,3
2010-03-14,87,46,57,0,57,25,30,3
2010-03-15,179,59,76,0,103,59,53,2
2010-03-16,169,67,92,0,108,56,42,3
2010-03-17,162,76,91,0,126,45,52,2
2010-03-18,172,72,75,0,107,50,67,1
2010-03-19,157,43,81,0,98,58,46,2
2010-03-20,82,48,64,0,58,30,24,0
2010-03-21,118,48,65,0,56,21,17,0
2010-03-22,163,69,96,0,118,53,45,2
2010-03-23,180,84,93,0,120,64,59,2
2010-03-24,163,78,71,0,110,57,53,2
2010-03-25,137,59,104,0,110,66,59,4
2010-03-26,155,76,72,0,125,41,56,2
2010-03-27,82,37,47,0,45,31,29,2
2010-03-28,103,47,54,0,54,26,26,3
2010-03-29,150,83,87,0,113,44,46,2
2010-03-30,167,72,91,0,95,38,43,1
2010-03-31,162,95,91,0,102,55,49,2
2010-04-01,132,57,95,0,113,46,53,3
2010-04-02,94,56,65,0,93,39,42,3
2010-04-03,71,48,51,0,41,17,26,0
2010-04-04,58,45,60,0,51,26,31,4
2010-04-05,101,56,68,0,86,52,40,3
2010-04-06,149,67,78,0,108,45,43,2
2010-04-07,150,59,80,0,96,57,53,1
2010-04-08,153,80,100,0,126,48,62,4
2010-04-09,138,76,61,0,128,41,58,3
2010-04-10,72,43,62,0,77,15,29,0
2010-04-11,72,46,45,0,55,27,51,2
2010-04-12,156,51,80,0,99,48,44,1
2010-04-13,167,72,94,0,131,56,65,3
2010-04-14,163,84,109,0,108,42,64,3
2010-04-15,154,76,107,0,126,65,48,1
2010-04-16,131,69,92,0,103,44,35,1
2010-04-17,75,46,64,0,54,27,32,1
2010-04-18,74,35,50,0,78,17,26,2
2010-04-19,146,68,103,0,103,54,42,1
2010-04-20,161,83,109,0,122,54,58,2
2010-04-21,157,62,90,0,129,59,46,5
2010-04-22,177,59,113,0,130,66,68,1
2010-04-23,136,61,100,0,110,58,54,1
2010-04-24,105,42,62,0,67,28,31,1
2010-04-25,95,33,65,0,68,18,31,1
2010-04-26,195,73,108,0,131,54,59,1
2010-04-27,175,74,119,0,139,53,64,2
2010-04-28,165,69,106,0,129,63,80,2
2010-04-29,169,73,94,0,122,58,58,1
2010-04-30,150,69,93,0,112,51,52,0
2010-05-01,58,38,77,0,46,18,26,0
2010-05-02,90,51,62,0,61,13,16,2
2010-05-03,155,63,79,0,99,41,51,0
2010-05-04,162,75,85,0,130,56,54,1
2010-05-05,176,79,86,0,119,61,62,7
2010-05-06,162,66,89,0,120,63,63,1
2010-05-07,140,62,84,0,113,58,61,3
2010-05-08,94,46,51,0,58,20,30,0
2010-05-09,76,43,44,0,67,23,16,2
2010-05-10,175,65,91,0,131,47,67,4
2010-05-11,167,58,83,0,123,61,53,1
2010-05-12,153,64,86,0,141,72,73,2
2010-05-13,152,64,85,0,119,65,59,2
2010-05-14,139,81,82,0,123,46,56,4
2010-05-15,74,42,64,0,43,22,24,1
2010-05-16,98,45,65,0,55,30,20,1
2010-05-17,157,95,100,0,146,67,68,3
2010-05-18,177,78,93,0,144,53,57,2
2010-05-19,164,77,92,0,122,54,59,0
2010-05-20,195,85,79,0,143,84,68,2
2010-05-21,157,80,83,0,125,70,54,2
2010-05-22,91,45,48,0,56,20,27,3
2010-05-23,74,57,59,0,48,23,28,1
2010-05-24,154,79,82,0,97,44,62,2
2010-05-25,175,101,103,0,119,69,58,1
2010-05-26,155,96,113,0,127,70,60,4
2010-05-27,165,91,90,0,162,60,62,2
2010-05-28,125,68,88,0,136,54,70,1
2010-05-29,106,48,55,0,83,19,27,0
2010-05-30,87,41,53,0,83,21,28,0
2010-05-31,161,53,83,0,99,48,44,2
2010-06-01,168,76,93,0,135,63,59,1
2010-06-02,178,75,101,0,159,65,75,1
2010-06-03,176,96,103,0,153,73,64,3
2010-06-04,166,68,94,0,125,52,59,0
2010-06-05,86,51,73,0,75,30,26,3
2010-06-06,93,58,75,0,62,20,23,0
2010-06-07,179,77,96,0,141,60,50,7
2010-06-08,179,74,103,0,133,66,57,4
2010-06-09,174,94,125,0,156,65,79,3
2010-06-10,171,91,119,0,146,67,62,2
2010-06-11,175,81,100,0,119,45,63,2
2010-06-12,80,38,52,0,55,23,26,1
2010-06-13,88,57,58,0,69,35,31,1
2010-06-14,151,80,114,0,128,58,52,4
2010-06-15,176,91,107,0,122,66,62,2
2010-06-16,189,102,101,0,150,68,64,5
2010-06-17,170,66,132,0,136,69,70,2
2010-06-18,152,70,92,0,115,65,68,2
2010-06-19,73,54,44,0,89,22,43,0
2010-06-20,80,46,71,0,73,27,35,3
2010-06-21,178,83,113,0,134,73,73,4
2010-06-22,193,89,104,0,143,69,72,6
2010-06-23,174,84,130,0,143,70,74,4
2010-06-24,179,103,125,0,115,62,66,5
2010-06-25,135,79,99,0,132,63,47,4
2010-06-26,60,40,56,0,68,14,25,1
2010-06-27,58,46,59,0,47,27,24,3
2010-06-28,143,82,104,0,122,64,55,2
2010-06-29,175,96,97,0,122,72,70,4
2010-06-30,159,94,127,0,138,84,80,5
2010-07-01,193,100,97,0,147,78,49,6
2010-07-02,158,85,91,0,121,67,70,6
2010-07-03,55,50,61,0,55,25,26,3
2010-07-04,62,53,51,0,71,18,34,1
2010-07-05,135,74,75,0,100,56,30,4
2010-07-06,166,82,102,0,130,58,64,4
2010-07-07,147,116,93,0,168,81,75,3
2010-07-08,191,90,103,0,136,86,65,1
2010-07-09,148,108,101,0,138,66,65,2
2010-07-10,59,50,53,0,63,24,43,2
2010-07-11,94,57,69,0,65,24,38,6
2010-07-12,164,97,83,0,150,68,77,7
2010-07-13,194,102,104,0,176,84,86,5
2010-07-14,213,110,117,0,165,60,84,1
2010-07-15,198,99,112,0,168,81,76,5
2010-07-16,174,98,109,0,141,76,62,11
2010-07-17,108,61,53,0,66,32,39,3
2010-07-18,62,59,55,0,73,24,43,4
2010-07-19,175,96,100,0,141,69,96,5
2010-07-20,188,108,101,0,163,78,94,7
2010-07-21,184,103,108,0,175,72,89,7
2010-07-22,179,87,134,0,157,71,98,4
2010-07-23,179,84,127,0,167,75,82,4
2010-07-24,79,62,60,0,68,19,42,4
2010-07-25,80,54,55,0,72,26,33,2
2010-07-26,164,92,84,0,145,66,83,4
2010-07-27,193,96,102,0,153,75,83,8
2010-07-28,226,110,94,0,160,87,90,5
2010-07-29,203,82,100,0,175,87,82,8
2010-07-30,160,112,87,0,135,79,64,5
2010-07-31,69,72,40,0,68,35,31,5
2010-08-01,93,51,54,0,73,28,37,3
2010-08-02,179,119,76,0,147,63,69,6
2010-08-03,195,93,86,0,140,90,66,8
2010-08-04,229,99,94,0,162,82,68,6
2010-08-05,196,96,108,0,140,86,76,8
2010-08-06,181,83,86,0,121,59,45,8
2010-08-07,80,55,50,0,67,19,48,7
2010-08-08,90,45,55,0,56,20,39,3
2010-08-09,179,95,102,0,148,70,76,9
2010-08-10,193,94,117,0,151,77,98,8
2010-08-11,195,90,96,0,149,92,73,7
2010-08-12,192,102,80,0,161,98,78,10
2010-08-13,169,83,92,0,158,68,66,10
2010-08-14,70,56,55,0,68,25,42,5
2010-08-15,76,58,62,0,76,31,49,5
2010-08-16,176,89,95,0,159,89,58,6
2010-08-17,223,112,109,0,162,89,85,10
2010-08-18,194,93,128,0,158,90,84,13
2010-08-19,187,109,105,0,166,88,74,11
2010-08-20,125,86,88,0,143,74,82,12
2010-08-21,74,38,66,0,64,27,31,4
2010-08-22,99,52,64,0,89,31,36,6
2010-08-23,185,75,92,0,158,67,91,18
2010-08-24,169,97,119,0,190,66,85,11
2010-08-25,169,100,99,0,179,73,89,12
2010-08-26,179,100,114,0,170,78,77,18
2010-08-27,181,78,93,0,148,63,92,13
2010-08-28,88,43,58,0,101,22,45,4
2010-08-29,78,53,57,0,75,25,45,6
2010-08-30,197,77,84,0,141,63,76,9
2010-08-31,171,97,108,0,144,83,64,9
2010-09-01,189,97,116,0,162,64,77,8
2010-09-02,204,75,107,0,163,59,76,15
2010-09-03,158,67,110,0,148,68,69,17
2010-09-04,76,46,66,0,87,17,44,11
2010-09-05,72,37,74,0,73,30,29,4
2010-09-06,156,77,105,0,118,55,70,10
2010-09-07,201,79,105,0,148,71,88,19
2010-09-08,185,88,110,0,176,80,88,18
2010-09-09,202,98,91,0,146,68,76,8
2010-09-10,166,93,70,0,154,71,57,9
2010-09-11,76,66,54,0,79,22,32,8
2010-09-12,94,57,62,0,84,33,38,7
2010-09-13,207,95,97,0,164,66,56,15
2010-09-14,206,84,100,0,153,69,73,15
2010-09-15,245,93,105,0,170,81,78,10
2010-09-16,184,100,94,0,164,88,77,19
2010-09-17,155,74,106,0,159,72,80,11
2010-09-18,82,41,56,0,74,24,38,29
2010-09-19,83,52,69,0,77,18,28,10
2010-09-20,172,81,99,0,157,74,74,24
2010-09-21,161,88,116,0,168,67,69,14
2010-09-22,183,85,100,0,158,83,83,15
2010-09-23,201,84,114,0,144,69,61,8
2010-09-24,178,80,103,0,179,56,64,12
2010-09-25,101,44,63,0,86,27,44,7
2010-09-26,107,38,70,0,84,18,41,9
2010-09-27,196,76,83,0,147,88,85,10
2010-09-28,194,99,114,0,142,77,73,20
2010-09-29,187,101,112,0,148,65,83,10
2010-09-30,186,85,119,0,168,71,70,13
2010-10-01,172,85,91,0,140,64,57,10
2010-10-02,96,54,61,0,73,31,41,9
2010-10-03,81,61,67,0,65,28,40,8
2010-10-04,162,93,94,0,133,77,61,20
2010-10-05,169,94,119,0,137,80,65,12
2010-10-06,183,97,120,0,154,94,65,14
2010-10-07,180,116,126,0,160,78,69,11
2010-10-08,178,89,91,0,155,63,81,16
2010-10-09,71,51,47,0,73,21,40,4
2010-10-10,88,67,95,0,84,25,31,11
2010-10-11,197,78,120,0,140,71,70,16
2010-10-12,177,92,115,0,174,97,78,20
2010-10-13,182,100,111,0,162,69,67,18
2010-10-14,204,103,127,0,162,88,78,19
2010-10-15,176,106,96,0,169,82,74,15
2010-10-16,113,62,64,0,67,25,44,18
2010-10-17,103,58,61,0,72,29,44,9
2010-10-18,196,95,101,0,160,58,74,29
2010-10-19,223,99,94,0,180,54,74,19
2010-10-20,238,114,105,0,161,77,60,19
2010-10-21,203,104,110,0,176,77,76,28
2010-10-22,188,108,112,0,153,80,81,21
2010-10-23,98,76,76,0,88,36,44,17
2010-10-24,111,74,93,0,78,17,38,14
2010-10-25,208,91,119,0,172,73,77,29
2010-10-26,230,101,95,0,188,85,72,15
2010-10-27,223,109,120,0,202,68,88,22
2010-10-28,245,118,96,0,182,81,66,22
2010-10-29,221,81,115,0,144,73,68,20
2010-10-30,92,59,76,0,77,32,35,18
2010-10-31,122,65,78,0,103,38,35,5
2010-11-01,169,85,106,0,151,71,78,20
2010-11-02,204,93,100,0,181,90,71,23
2010-11-03,196,107,126,0,175,75,71,29
2010-11-04,203,119,133,0,152,92,79,30
2010-11-05,155,111,124,0,122,68,60,16
2010-11-06,101,80,88,0,78,31,47,20
2010-11-07,112,49,60,0,66,40,36,19
2010-11-08,200,88,114,0,168,85,87,22
2010-11-09,264,113,150,0,206,82,88,27
2010-11-10,238,108,127,0,194,83,91,31
2010-11-11,251,116,139,0,179,87,77,26
2010-11-12,220,92,111,0,164,66,65,40
2010-11-13,124,69,73,0,112,39,57,14
2010-11-14,108,59,90,0,95,35,40,13
2010-11-15,211,94,118,0,168,79,74,33
2010-11-16,232,100,124,0,182,83,100,25
2010-11-17,225,102,125,0,179,84,90,27
2010-11-18,238,106,137,0,202,101,101,28
2010-11-19,206,88,120,0,158,74,96,25
2010-11-20,136,62,85,0,105,37,45,16
2010-11-21,124,56,83,0,97,29,52,24
2010-11-22,231,91,131,0,177,72,72,27
2010-11-23,233,81,141,0,193,90,76,31
2010-11-24,212,98,137,0,183,70,90,32
2010-11-25,203,78,152,0,175,62,89,25
2010-11-26,179,75,111,0,138,41,73,22
2010-11-27,132,65,87,0,111,40,48,17
2010-11-28,116,65,92,0,115,24,47,16
2010-11-29,252,95,117,0,162,74,70,19
2010-11-30,226,100,127,0,235,80,89,26
2010-12-01,246,108,130,0,184,64,105,30
2010-12-02,256,91,117,0,199,78,92,35
2010-12-03,257,92,157,0,165,70,82,50
2010-12-04,101,65,96,0,104,29,52,19
2010-12-05,137,82,77,0,107,39,57,15
2010-12-06,248,99,146,0,196,80,84,45
2010-12-07,239,109,126,0,232,78,99,26
2010-12-08,246,100,131,0,198,77,87,33
2010-12-09,227,90,120,0,232,80,96,41
2010-12-10,232,107,124,0,209,86,87,43
2010-12-11,136,64,80,0,110,33,63,18
2010-12-12,122,53,82,0,97,37,58,24
2010-12-13,204,96,127,0,217,87,90,33
2010-12-14,263,100,121,0,200,99,85,24
2010-12-15,252,91,117,0,220,108,97,32
2010-12-16,246,97,117,0,194,76,108,34
2010-12-17,192,76,101,0,173,79,64,34
2010-12-18,109,60,69,0,102,32,52,14
2010-12-19,93,72,68,0,106,43,52,19
2010-12-20,201,98,115,0,177,75,88,28
2010-12-21,209,109,116,0,187,61,93,43
2010-12-22,218,94,118,0,201,82,94,46
2010-12-23,188,75,102,0,183,77,102,23
2010-12-24,113,67,82,0,102,29,55,12
2010-12-25,69,57,69,0,70,22,63,10
2010-12-26,101,52,57,0,97,27,41,12
2010-12-27,165,64,75,0,144,35,86,32
2010-12-28,206,69,95,0,159,53,60,37
2010-12-29,228,85,90,0,160,64,65,34
2010-12-30,185,59,85,0,191,57,99,33
2010-12-31,112,48,76,0,118,44,53,30
2011-01-01,86,52,60,0,69,29,37,22
2011-01-02,120,49,59,0,100,25,41,17
2011-01-03,194,95,101,0,159,66,85,34
2011-01-04,235,91,102,0,188,94,98,47
2011-01-05,250,103,118,0,194,107,88,36
2011-01-06,254,100,122,0,204,95,110,43
2011-01-07,218,103,120,0,187,92,95,29
2011-01-08,111,59,78,0,98,40,54,25
2011-01-09,105,74,72,0,121,43,54,23
2011-01-10,260,104,142,0,186,82,102,45
2011-01-11,280,100,132,0,246,80,131,46
2011-01-12,277,111,147,0,209,90,94,55
2011-01-13,278,99,128,0,188,93,91,33
2011-01-14,263,103,117,0,171,98,80,54
2011-01-15,124,87,85,0,91,41,56,23
2011-01-16,161,75,102,0,96,55,54,26
2011-01-17,226,124,131,0,190,102,101,44
2011-01-18,261,101,139,0,233,85,102,35
2011-01-19,249,133,146,0,216,125,106,52
2011-01-20,277,110,162,0,226,122,130,69
2011-01-21,260,105,138,0,208,90,98,48
2011-01-22,142,63,96,0,138,43,57,47
2011-01-23,126,66,99,0,129,29,75,30
2011-01-24,266,122,147,0,208,87,120,57
2011-01-25,272,115,126,0,226,99,122,54
2011-01-26,266,112,143,0,227,95,112,46
2011-01-27,285,103,124,0,227,100,120,48
2011-01-28,269,116,136,0,229,93,89,50
2011-01-29,142,91,89,0,128,42,64,39
2011-01-30,146,83,85,0,151,34,67,28
2011-01-31,275,92,122,0,275,90,132,50
2011-02-01,271,123,120,0,227,94,107,57
2011-02-02,312,134,124,0,256,94,127,48
2011-02-03,296,132,156,0,237,93,107,59
2011-02-04,239,124,127,0,208,68,84,41
2011-02-05,136,80,106,0,132,38,55,32
2011-02-06,160,85,86,0,135,55,63,33
2011-02-07,260,93,156,0,222,77,108,54
2011-02-08,283,131,134,0,261,112,121,57
2011-02-09,304,113,149,0,250,78,105,53
2011-02-10,283,112,130,0,231,100,115,54
2011-02-11,289,125,128,0,227,87,103,47
2011-02-12,167,82,78,0,120,38,51,33
2011-02-13,172,88,95,0,130,50,53,20
2011-02-14,249,112,120,0,213,98,121,38
2011-02-15,307,121,146,0,224,75,109,58
2011-02-16,265,126,152,0,254,110,93,48
2011-02-17,310,125,152,0,254,98,109,46
2011-02-18,246,115,132,0,184,77,110,68
2011-02-19,136,69,94,0,116,38,72,28
2011-02-20,165,84,110,0,114,46,54,22
2011-02-21,282,125,129,0,211,94,115,49
2011-02-22,298,140,137,0,269,93,148,54
2011-02-23,335,146,132,0,254,97,106,62
2011-02-24,311,114,142,0,252,97,111,63
2011-02-25,297,117,132,0,229,72,95,53
2011-02-26,176,57,104,0,117,42,60,36
2011-02-27,165,74,113,0,114,26,61,39
2011-02-28,321,110,137,0,244,93,107,64
2011-03-01,334,156,142,0,238,96,112,65
2011-03-02,359,135,133,0,257,117,123,70
2011-03-03,308,152,136,0,266,121,127,75
2011-03-04,316,114,141,0,241,114,124,48
2011-03-05,186,88,94,0,143,38,70,31
2011-03-06,178,86,90,0,129,47,83,36
2011-03-07,311,134,129,0,249,100,127,74
2011-03-08,333,162,139,0,247,97,141,65
2011-03-09,347,168,171,0,257,106,134,72
2011-03-10,314,132,141,0,244,104,131,83
2011-03-11,290,111,137,0,226,81,110,49
2011-03-12,155,72,101,0,118,47,76,39
2011-03-13,166,82,113,0,127,42,83,28
2011-03-14,332,126,142,0,252,88,110,67
2011-03-15,314,146,169,0,256,96,135,67
2011-03-16,322,149,183,0,282,119,158,67
2011-03-17,262,121,134,0,256,110,115,80
2011-03-18,282,115,151,0,227,107,109,64
2011-03-19,157,95,99,0,137,43,66,33
2011-03-20,188,71,102,0,123,35,62,36
2011-03-21,303,108,158,0,242,84,126,77
2011-03-22,341,144,177,0,276,93,137,72
2011-03-23,366,117,138,0,283,81,161,76
2011-03-24,301,152,175,0,269,107,126,69
2011-03-25,278,122,136,0,212,83,128,67
2011-03-26,178,78,96,0,126,52,77,37
2011-03-27,185,96,105,0,141,51,80,52
2011-03-28,279,121,135,0,257,88,131,7
2011-03-29,343,139,155,0,271,111,149,4
2011-03-30,311,154,171,1,266,101,138,2
2011-03-31,334,149,158,0,262,105,148,8
2011-04-01,297,111,135,1,256,80,110,41
2011-04-02,157,67,88,0,148,68,79,33
2011-04-03,155,104,86,0,163,56,86,36
2011-04-04,268,128,128,0,250,99,133,58
2011-04-05,327,138,166,1,268,87,110,65
2011-04-06,352,139,153,0,294,94,146,59
2011-04-07,321,145,165,0,261,91,119,74
2011-04-08,276,100,150,0,254,74,125,69
2011-04-09,158,86,109,0,128,46,72,32
2011-04-10,170,67,108,0,155,47,73,29
2011-04-11,337,133,175,0,269,92,146,65
2011-04-12,355,143,165,0,313,103,160,90
2011-04-13,300,155,177,0,268,114,114,58
2011-04-14,331,138,178,0,295,108,128,62
2011-04-15,298,126,154,0,284,62,132,63
2011-04-16,189,84,130,0,137,39,69,44
2011-04-17,189,76,100,0,159,50,64,48
2011-04-18,317,115,146,0,260,87,131,73
2011-04-19,354,142,176,0,287,90,107,94
2011-04-20,323,122,172,0,268,97,105,90
2011-04-21,296,134,142,0,276,83,132,78
2011-04-22,242,107,121,0,240,59,99,61
2011-04-23,180,68,85,0,124,35,58,38
2011-04-24,155,88,107,0,155,50,63,37
2011-04-25,273,99,163,0,241,70,111,70
2011-04-26,295,134,172,0,295,93,121,80
2011-04-27,348,137,157,0,296,96,160,102
2011-04-28,350,125,173,0,299,108,132,96
2011-04-29,301,125,156,0,251,79,116,72
2011-04-30,158,61,129,0,148,52,77,45
2011-05-01,180,112,102,0,137,33,78,45
2011-05-02,298,113,139,0,222,74,118,77
2011-05-03,328,151,135,0,291,86,127,92
2011-05-04,358,144,137,0,270,113,124,94
2011-05-05,353,116,162,0,278,112,123,93
2011-05-06,366,122,150,0,273,115,112,94
2011-05-07,177,81,110,0,137,45,67,42
2011-05-08,177,83,98,0,119,46,51,39
2011-05-09,319,112,141,0,305,112,123,84
2011-05-10,349,153,162,1,291,115,133,60
2011-05-11,366,127,160,0,304,125,141,96
2011-05-12,338,117,151,0,298,133,151,117
2011-05-13,297,131,135,0,254,102,114,84
2011-05-14,174,66,92,0,129,59,61,55
2011-05-15,158,90,79,0,127,59,68,66
2011-05-16,320,141,147,0,255,97,120,88
2011-05-17,325,125,150,0,279,115,134,85
2011-05-18,376,138,138,0,282,100,130,109
2011-05-19,351,135,150,0,289,111,144,109
2011-05-20,301,113,127,0,254,84,130,102
2011-05-21,156,72,108,0,117,57,81,52
2011-05-22,178,76,89,0,152,45,70,56
2011-05-23,315,123,136,0,286,114,119,85
2011-05-24,304,122,143,0,307,100,138,104
2011-05-25,342,148,147,0,297,128,154,104
2011-05-26,343,126,156,0,326,121,160,72
2011-05-27,298,124,120,0,300,74,136,99
2011-05-28,173,84,88,0,135,39,61,48
2011-05-29,151,73,85,0,160,48,78,43
2011-05-30,267,111,126,0,234,72,103,85
2011-05-31,318,139,128,0,301,95,142,89
2011-06-01,367,160,141,0,316,110,133,103
2011-06-02,276,111,133,0,303,104,101,81
2011-06-03,270,112,139,0,288,99,111,90
2011-06-04,156,62,78,0,149,39,74,46
2011-06-05,159,74,89,0,154,33,86,71
2011-06-06,308,144,139,0,287,67,137,84
2011-06-07,326,111,132,0,290,114,136,84
2011-06-08,310,155,145,0,329,106,149,119
2011-06-09,333,130,166,0,329,101,169,111
2011-06-10,254,117,134,0,259,91,154,89
2011-06-11,144,73,73,0,137,28,63,57
2011-06-12,144,74,93,0,125,28,68,50
2011-06-13,245,116,150,0,307,96,124,96
2011-06-14,338,142,126,0,272,106,126,98
2011-06-15,332,149,165,0,294,135,132,95
2011-06-16,326,152,174,0,298,111,152,104
2011-06-17,291,111,140,0,284,118,137,95
2011-06-18,149,64,111,0,189,47,97,65
2011-06-19,153,60,99,0,157,53,74,48
2011-06-20,310,150,144,0,292,85,141,103
2011-06-21,349,157,163,0,268,98,149,106
2011-06-22,372,138,168,0,317,121,140,116
2011-06-23,344,112,152,0,346,131,160,99
2011-06-24,290,125,120,1,304,107,113,101
2011-06-25,141,79,72,0,149,52,80,49
2011-06-26,153,93,78,0,161,36,71,57
2011-06-27,287,121,143,0,251,104,106,97
2011-06-28,307,144,146,0,306,131,146,120
2011-06-29,336,138,139,0,318,110,138,119
2011-06-30,342,133,156,0,318,112,132,104
2011-07-01,289,121,124,0,261,78,124,99
2011-07-02,155,81,55,0,148,35,67,59
2011-07-03,131,71,82,0,137,46,66,57
2011-07-04,283,126,131,0,208,84,108,90
2011-07-05,315,133,127,0,307,119,138,119
2011-07-06,333,141,157,0,329,129,162,125
2011-07-07,341,142,147,0,332,129,162,112
2011-07-08,329,135,137,0,307,89,151,92
2011-07-09,158,83,93,0,168,46,78,55
2011-07-10,153,69,84,0,145,31,65,33
2011-07-11,332,158,147,0,320,122,150,95
2011-07-12,343,153,151,0,323,125,188,126
2011-07-13,316,159,138,0,327,121,152,121
2011-07-14,351,171,165,0,325,126,149,105
2011-07-15,306,142,128,0,289,106,134,100
2011-07-16,171,77,92,0,150,45,68,58
2011-07-17,151,79,81,0,149,53,86,59
2011-07-18,328,136,152,0,329,96,156,101
2011-07-19,324,150,158,0,356,115,171,108
2011-07-20,318,151,132,0,352,98,165,107
2011-07-21,358,141,158,0,357,127,137,115
2011-07-22,258,143,130,0,304,117,147,96
2011-07-23,143,75,91,0,176,47,107,53
2011-07-24,150,67,87,0,155,28,86,65
2011-07-25,338,126,142,0,304,92,146,124
2011-07-26,342,131,163,0,317,110,158,107
2011-07-27,353,136,170,0,388,120,154,85
2011-07-28,344,140,167,0,316,109,133,109
2011-07-29,297,148,150,0,306,94,129,95
2011-07-30,162,67,90,0,146,40,74,49
2011-07-31,157,69,94,0,173,33,88,50
2011-08-01,317,120,157,0,302,91,127,95
2011-08-02,350,139,129,0,300,110,165,127
2011-08-03,363,161,146,0,352,95,163,140
2011-08-04,334,167,175,0,350,110,164,114
2011-08-05,324,132,153,0,333,106,158,117
2011-08-06,131,72,77,0,181,32,82,53
2011-08-07,167,89,96,0,179,28,90,54
2011-08-08,345,126,141,0,341,103,139,119
2011-08-09,346,140,152,0,378,102,161,130
2011-08-10,363,173,162,0,376,109,160,147
2011-08-11,341,180,157,0,381,126,160,156
2011-08-12,316,149,146,0,311,98,133,129
2011-08-13,170,86,85,0,170,29,91,65
2011-08-14,135,65,74,0,172,32,73,55
2011-08-15,292,132,136,0,293,97,147,129
2011-08-16,357,143,155,0,342,107,163,132
2011-08-17,334,157,149,0,339,110,181,132
2011-08-18,311,164,162,0,371,108,176,122
2011-08-19,281,129,112,0,291,108,147,125
2011-08-20,182,76,89,0,167,55,70,66
2011-08-21,175,94,86,0,154,43,65,79
2011-08-22,318,131,139,0,286,113,122,116
2011-08-23,320,155,143,0,326,103,144,148
2011-08-24,333,136,160,0,350,102,163,162
2011-08-25,349,135,142,0,347,107,155,134
2011-08-26,336,108,136,0,347,92,133,114
2011-08-27,203,60,80,0,171,27,51,64
2011-08-28,187,67,87,0,151,41,60,76
2011-08-29,280,127,126,0,339,89,132,117
2011-08-30,302,113,151,0,333,95,138,127
2011-08-31,312,146,124,0,312,122,130,160
2011-09-01,309,129,129,0,353,99,151,135
2011-09-02,298,115,133,0,305,88,138,127
2011-09-03,142,52,80,0,137,45,80,56
2011-09-04,162,78,81,0,142,42,82,68
2011-09-05,276,99,109,0,276,69,116,132
2011-09-06,334,95,139,0,340,125,148,154
2011-09-07,341,134,172,0,333,120,140,164
2011-09-08,325,133,153,0,327,114,149,129
2011-09-09,294,121,119,0,297,102,131,137
2011-09-10,176,78,94,0,199,37,91,62
2011-09-11,178,88,80,0,167,47,66,63
2011-09-12,287,135,130,0,299,101,124,122
2011-09-13,372,150,161,0,333,106,146,144
2011-09-14,364,137,175,0,340,109,151,143
2011-09-15,353,147,147,0,318,123,148,144
2011-09-16,303,110,139,0,295,82,130,130
2011-09-17,172,73,80,0,177,46,86,72
2011-09-18,141,74,105,0,144,45,75,75
2011-09-19,316,151,155,0,306,99,142,129
2011-09-20,358,161,146,0,304,93,117,141
2011-09-21,351,136,168,0,352,109,159,120
2011-09-22,336,145,189,0,362,112,142,155
2011-09-23,302,133,143,0,311,108,131,103
2011-09-24,167,84,100,0,179,42,90,51
2011-09-25,162,88,100,0,152,31,77,88
2011-09-26,348,144,156,0,327,92,154,120
2011-09-27,368,145,143,0,324,116,147,127
2011-09-28,352,143,148,1,303,117,136,131
2011-09-29,336,149,162,0,332,105,136,117
2011-09-30,296,135,166,0,292,88,141,123
2011-10-01,165,83,116,0,139,30,65,63
2011-10-02,171,81,99,0,157,31,73,72
2011-10-03,290,109,119,0,274,57,129,94
2011-10-04,348,129,142,0,317,99,139,125
2011-10-05,350,139,155,0,347,120,127,115
2011-10-06,315,141,182,0,305,98,129,124
2011-10-07,315,132,144,0,290,97,114,128
2011-10-08,159,80,107,0,142,48,76,68
2011-10-09,218,78,130,0,165,51,73,72
2011-10-10,310,116,134,0,318,93,123,121
2011-10-11,338,131,151,0,341,112,145,136
2011-10-12,336,142,159,0,305,135,152,141
2011-10-13,337,170,169,0,342,125,160,146
2011-10-14,308,138,171,1,293,103,130,148
2011-10-15,183,90,107,1,156,45,75,65
2011-10-16,183,86,109,0,176,52,90,85
2011-10-17,305,128,142,0,303,108,125,148
2011-10-18,358,132,177,1,350,85,158,159
2011-10-19,367,149,188,0,350,108,153,134
2011-10-20,337,126,159,1,344,123,158,158
2011-10-21,324,121,157,0,284,97,146,142
2011-10-22,177,81,115,0,162,51,78,93
2011-10-23,216,75,109,0,168,52,85,71
2011-10-24,282,141,173,0,311,112,158,147
2011-10-25,329,146,158,0,324,104,129,172
2011-10-26,334,125,159,0,300,104,146,152
2011-10-27,354,154,172,0,324,118,177,152
2011-10-28,320,133,177,0,292,91,139,129
2011-10-29,181,87,96,0,152,45,75,72
2011-10-30,176,86,97,0,163,34,62,82
2011-10-31,329,140,159,0,262,78,130,141
2011-11-01,355,134,168,0,298,99,129,161
2011-11-02,352,161,177,0,340,124,134,165
2011-11-03,359,151,155,0,357,116,160,165
2011-11-04,346,134,187,0,324,105,146,178
2011-11-05,183,102,102,0,171,41,64,78
2011-11-06,195,89,101,0,183,55,84,87
2011-11-07,332,113,149,0,307,108,134,164
2011-11-08,323,152,157,0,332,106,170,170
2011-11-09,362,165,186,0,342,115,149,164
2011-11-10,374,157,165,0,341,103,159,153
2011-11-11,363,122,161,0,283,118,137,131
2011-11-12,167,88,117,0,182,46,99,69
2011-11-13,200,107,118,0,171,51,84,80
2011-11-14,364,140,171,0,317,103,162,143
2011-11-15,404,143,176,0,337,125,137,163
2011-11-16,376,148,177,0,381,130,176,183
2011-11-17,416,129,172,0,369,141,184,159
2011-11-18,383,149,142,0,330,109,150,149
2011-11-19,232,87,113,0,193,43,82,96
2011-11-20,229,100,105,0,197,39,77,65
2011-11-21,383,142,175,0,337,104,130,172
2011-11-22,412,151,186,0,357,119,154,183
2011-11-23,419,155,182,0,355,120,164,170
2011-11-24,366,120,184,0,303,83,155,171
2011-11-25,321,105,148,2,292,85,107,144
2011-11-26,220,102,100,0,166,56,86,77
2011-11-27,193,98,108,0,181,66,79,98
2011-11-28,363,159,153,0,381,130,174,201
2011-11-29,386,165,174,0,355,121,148,204
2011-11-30,439,146,173,0,347,105,154,182
2011-12-01,394,166,174,0,372,110,164,178
2011-12-02,402,132,173,0,314,131,133,140
2011-12-03,232,101,147,0,198,46,98,103
2011-12-04,235,90,108,0,196,53,92,107
2011-12-05,369,174,183,0,303,110,139,176
2011-12-06,423,158,199,0,374,112,167,190
2011-12-07,393,158,205,0,360,132,162,192
2011-12-08,408,141,212,0,363,145,141,183
2011-12-09,368,128,166,1,318,108,131,136
2011-12-10,222,107,117,0,185,52,90,85
2011-12-11,219,88,117,0,182,46,78,86
2011-12-12,382,143,172,0,320,130,152,184
2011-12-13,385,169,168,0,361,119,158,182
2011-12-14,389,124,161,0,349,104,167,173
2011-12-15,370,126,156,0,341,120,164,158
2011-12-16,314,118,163,0,309,93,135,153
2011-12-17,206,83,123,0,170,42,81,95
2011-12-18,169,93,90,0,180,48,96,82
2011-12-19,352,117,144,0,334,97,127,151
2011-12-20,352,138,180,0,322,92,160,141
2011-12-21,376,134,168,0,362,109,140,144
2011-12-22,338,109,133,0,303,85,137,158
2011-12-23,261,101,149,0,275,75,117,127
2011-12-24,139,76,82,0,157,28,68,61
2011-12-25,147,66,80,0,110,23,35,43
2011-12-26,230,85,112,0,165,50,91,101
2011-12-27,283,121,117,0,259,78,111,139
2011-12-28,314,144,114,0,286,84,128,142
2011-12-29,314,96,135,0,315,104,156,150
2011-12-30,248,115,120,0,224,66,136,153
2011-12-31,150,81,87,0,138,27,88,75
2012-01-01,146,52,83,0,146,31,66,61
2012-01-02,285,96,123,0,244,51,117,125
2012-01-03,384,135,154,0,303,80,151,177
2012-01-04,371,156,153,0,382,114,181,182
2012-01-05,397,135,169,0,388,117,151,196
2012-01-06,408,145,147,0,326,93,155,149
2012-01-07,204,96,109,0,201,50,122,89
2012-01-08,245,108,115,0,208,49,90,110
2012-01-09,367,147,172,0,346,115,169,165
2012-01-10,420,126,175,0,377,133,180,187
2012-01-11,386,185,178,0,381,129,203,213
2012-01-12,426,166,168,1,389,119,183,201
2012-01-13,382,148,165,0,365,106,128,209
2012-01-14,178,107,115,0,180,49,96,113
2012-01-15,216,97,94,0,210,53,96,105
2012-01-16,378,150,128,0,337,114,145,187
2012-01-17,382,163,183,0,388,103,154,204
2012-01-18,442,181,160,2,381,142,166,192
2012-01-19,403,176,186,0,385,112,139,185
2012-01-20,347,149,160,0,377,108,168,164
2012-01-21,217,126,107,1,197,49,94,102
2012-01-22,231,106,120,0,192,51,104,107
2012-01-23,376,139,153,1,371,99,173,197
2012-01-24,425,162,211,1,388,125,151,211
2012-01-25,407,161,196,0,405,107,178,185
2012-01-26,343,163,196,0,353,114,176,182
2012-01-27,344,143,159,0,352,92,172,186
2012-01-28,209,106,121,0,198,37,77,104
2012-01-29,217,105,121,0,216,51,102,118
2012-01-30,396,150,159,0,349,102,155,205
2012-01-31,427,172,182,0,415,121,154,207
2012-02-01,429,168,199,0,395,121,179,205
2012-02-02,454,150,181,0,383,131,191,199
2012-02-03,382,147,176,0,333,119,160,192
2012-02-04,215,102,112,0,200,61,100,126
2012-02-05,225,107,134,0,202,67,101,107
2012-02-06,387,158,196,0,364,111,158,172
2012-02-07,430,167,188,0,373,126,148,200
2012-02-08,432,164,210,1,455,121,199,195
2012-02-09,436,190,222,0,396,134,206,191
2012-02-10,423,170,188,0,360,125,168,199
2012-02-11,233,110,118,0,228,56,103,111
2012-02-12,260,120,152,0,229,58,98,115
2012-02-13,430,158,176,0,384,122,171,193
2012-02-14,459,184,193,1,427,113,188,190
2012-02-15,502,171,190,0,418,131,172,192
2012-02-16,451,186,216,0,429,119,210,233
2012-02-17,438,179,185,0,377,122,191,179
2012-02-18,206,109,119,1,228,52,131,93
2012-02-19,269,111,156,0,229,61,104,127
2012-02-20,417,173,197,0,392,129,187,201
2012-02-21,467,186,203,0,422,118,226,199
2012-02-22,475,180,223,0,465,130,196,238
2012-02-23,486,181,212,1,439,164,166,216
2012-02-24,424,159,189,0,412,121,163,187
2012-02-25,280,125,131,0,218,58,113,129
2012-02-26,242,138,137,0,230,78,131,116
2012-02-27,437,150,175,0,367,122,176,199
2012-02-28,473,195,217,0,422,154,172,215
2012-02-29,467,203,218,0,378,152,209,232
2012-03-01,454,187,218,1,433,146,180,227
2012-03-02,408,194,183,0,415,139,185,189
2012-03-03,256,109,118,1,228,59,96,118
2012-03-04,272,114,141,2,205,54,100,103
2012-03-05,430,161,169,0,367,143,156,194
2012-03-06,515,187,207,1,437,152,197,203
2012-03-07,471,182,207,1,428,150,186,182
2012-03-08,431,183,184,1,394,130,206,205
2012-03-09,409,154,180,1,381,131,171,188
2012-03-10,260,112,134,1,213,61,102,114
2012-03-11,265,114,129,1,215,76,130,103
2012-03-12,520,165,213,0,375,140,171,220
2012-03-13,489,185,218,0,392,127,159,206
2012-03-14,518,205,203,1,471,137,184,241
2012-03-15,528,189,175,2,442,151,179,233
2012-03-16,455,157,139,0,385,120,161,214
2012-03-17,236,119,123,0,225,50,113,130
2012-03-18,264,127,133,3,211,70,92,106
2012-03-19,440,182,207,0,396,116,190,203
2012-03-20,457,173,199,3,436,144,185,233
2012-03-21,506,199,186,0,431,148,182,233
2012-03-22,508,193,213,1,438,144,173,217
2012-03-23,413,165,160,0,368,119,204,204
2012-03-24,265,113,118,2,221,66,112,106
2012-03-25,224,117,122,0,200,56,96,107
2012-03-26,464,175,189,1,378,137,177,207
2012-03-27,481,244,199,1,388,137,187,235
2012-03-28,516,217,195,0,396,163,170,209
2012-03-29,529,194,179,1,442,184,192,233
2012-03-30,449,167,187,4,387,136,182,191
2012-03-31,278,128,122,0,216,58,95,113
2012-04-01,275,105,125,2,199,51,89,133
2012-04-02,440,166,210,0,397,129,167,250
2012-04-03,530,215,192,2,423,127,209,227
2012-04-04,460,195,191,4,455,142,206,220
2012-04-05,471,186,198,1,429,143,197,202
2012-04-06,325,154,158,0,307,99,147,174
2012-04-07,278,107,139,0,212,61,105,127
2012-04-08,288,135,124,1,213,68,104,102
2012-04-09,380,176,174,0,336,102,139,175
2012-04-10,501,189,208,0,403,125,187,194
2012-04-11,511,201,208,1,418,156,216,215
2012-04-12,525,198,180,2,489,134,194,257
2012-04-13,446,174,194,2,418,98,198,177
2012-04-14,269,134,131,1,242,55,106,99
2012-04-15,274,125,165,1,228,55,95,143
2012-04-16,471,157,199,1,406,135,174,184
2012-04-17,480,172,201,2,414,169,172,214
2012-04-18,532,215,232,3,473,153,191,259
2012-04-19,534,217,229,0,481,155,198,258
2012-04-20,444,168,186,0,407,128,185,216
2012-04-21,271,134,136,0,249,66,109,126
2012-04-22,268,129,136,1,245,65,109,123
2012-04-23,462,187,235,0,440,140,221,225
2012-04-24,491,204,182,0,434,136,218,243
2012-04-25,505,192,209,0,437,153,226,221
2012-04-26,533,175,225,0,463,150,186,250
2012-04-27,445,183,189,0,444,139,190,212
2012-04-28,267,124,144,0,243,49,101,118
2012-04-29,259,119,146,2,210,69,95,93
2012-04-30,412,151,182,0,382,132,193,221
2012-05-01,386,165,177,1,361,106,178,197
2012-05-02,467,171,187,1,418,137,206,231
2012-05-03,460,192,228,0,398,162,207,225
2012-05-04,479,162,212,2,400,123,183,236
2012-05-05,299,139,135,3,235,58,113,123
2012-05-06,229,96,108,0,236,58,119,100
2012-05-07,445,172,173,3,377,126,191,217
2012-05-08,482,180,170,0,423,136,203,225
2012-05-09,502,190,179,2,449,135,220,252
2012-05-10,493,219,183,1,462,160,201,232
2012-05-11,427,193,174,2,436,117,190,222
2012-05-12,234,133,111,1,237,80,105,102
2012-05-13,239,110,138,1,217,62,103,104
2012-05-14,470,184,207,2,438,115,171,242
2012-05-15,490,199,203,3,483,127,199,232
2012-05-16,522,196,161,0,496,158,211,227
2012-05-17,445,195,168,1,397,127,181,237
2012-05-18,414,181,156,0,446,120,207,200
2012-05-19,243,129,108,1,258,61,115,106
2012-05-20,240,112,122,1,224,66,102,114
2012-05-21,385,162,171,0,436,112,182,207
2012-05-22,525,192,183,3,455,140,212,245
2012-05-23,448,189,187,6,439,151,202,242
2012-05-24,472,178,169,0,439,136,198,226
2012-05-25,427,179,148,2,405,135,181,204
2012-05-26,267,103,112,1,218,61,93,124
2012-05-27,229,102,122,1,213,60,94,100
2012-05-28,404,139,165,0,368,88,164,188
2012-05-29,451,197,171,2,452,131,193,232
2012-05-30,438,215,211,2,474,135,198,238
2012-05-31,483,195,172,2,458,156,181,228
2012-06-01,419,197,171,2,453,128,165,222
2012-06-02,197,112,101,0,234,47,99,130
2012-06-03,229,130,118,1,210,62,92,117
2012-06-04,399,197,146,1,395,122,168,220
2012-06-05,402,198,182,0,436,108,197,242
2012-06-06,463,179,158,1,431,137,215,236
2012-06-07,465,197,176,1,492,124,197,254
2012-06-08,411,163,161,3,402,119,157,182
2012-06-09,206,120,124,0,220,52,121,89
2012-06-10,241,105,129,1,212,53,98,91
2012-06-11,445,189,169,3,388,114,174,207
2012-06-12,406,194,170,2,451,151,237,207
2012-06-13,476,224,190,4,448,144,211,269
2012-06-14,481,215,185,4,470,154,253,205
2012-06-15,408,192,190,1,426,122,183,199
2012-06-16,226,128,116,1,218,49,107,127
2012-06-17,237,114,87,1,213,45,115,100
2012-06-18,463,193,200,1,419,144,211,258
2012-06-19,468,230,192,2,474,137,209,250
2012-06-20,468,225,191,1,513,166,196,252
2012-06-21,497,236,197,4,497,160,229,243
2012-06-22,419,211,174,1,426,127,228,209
2012-06-23,214,106,102,1,202,59,107,100
2012-06-24,188,115,106,2,227,50,115,119
2012-06-25,433,194,176,3,418,140,214,239
2012-06-26,468,234,201,1,504,148,216,272
2012-06-27,467,217,179,4,522,155,230,251
2012-06-28,498,222,204,2,461,137,208,238
2012-06-29,433,184,168,2,459,122,211,216
2012-06-30,224,109,100,0,237,69,111,103
2012-07-01,264,125,101,1,224,64,105,110
2012-07-02,434,192,218,3,425,145,210,224
2012-07-03,492,204,220,2,443,155,236,242
2012-07-04,394,198,173,3,437,120,193,209
2012-07-05,494,230,199,5,522,142,220,232
2012-07-06,470,208,200,4,421,131,205,224
2012-07-07,235,115,127,0,225,65,106,151
2012-07-08,230,110,113,0,226,64,103,130
2012-07-09,474,209,169,3,473,126,214,229
2012-07-10,511,208,188,6,494,142,240,239
2012-07-11,536,231,213,2,510,164,217,262
2012-07-12,475,246,227,1,542,144,245,262
2012-07-13,478,207,188,1,451,138,210,235
2012-07-14,199,115,115,0,220,48,114,118
2012-07-15,228,117,121,2,188,54,103,110
2012-07-16,443,236,195,1,446,165,232,250
2012-07-17,491,224,214,1,481,145,210,246
2012-07-18,538,227,208,2,536,164,250,294
2012-07-19,484,226,201,2,552,155,254,256
2012-07-20,418,188,202,3,481,153,229,272
2012-07-21,197,111,122,0,214,57,111,140
2012-07-22,239,115,120,0,241,64,113,115
2012-07-23,464,243,165,6,433,141,199,228
2012-07-24,502,221,190,3,486,144,242,249
2012-07-25,517,231,219,1,480,181,247,229
2012-07-26,493,219,205,4,486,150,259,247
2012-07-27,433,202,203,3,484,136,252,205
2012-07-28,211,114,81,1,248,53,142,112
2012-07-29,220,99,124,2,238,51,133,113
2012-07-30,456,205,208,3,450,120,228,279
2012-07-31,530,243,199,1,527,174,247,279
2012-08-01,473,241,183,4,502,140,250,257
2012-08-02,493,213,195,1,496,155,253,247
2012-08-03,468,211,180,4,457,138,212,229
2012-08-04,227,91,108,1,222,61,113,121
2012-08-05,245,147,116,0,232,55,117,115
2012-08-06,435,198,171,2,441,116,205,227
2012-08-07,516,215,184,1,519,152,253,245
2012-08-08,490,256,213,4,499,178,251,267
2012-08-09,505,221,214,5,519,159,223,277
2012-08-10,456,234,176,0,469,144,217,210
2012-08-11,224,98,111,1,205,46,114,107
2012-08-12,223,115,127,2,211,53,111,108
2012-08-13,440,213,177,3,439,143,209,258
2012-08-14,488,223,203,1,553,137,227,248
2012-08-15,399,243,189,5,479,153,228,215
2012-08-16,448,217,201,4,476,160,240,263
2012-08-17,427,168,167,1,452,115,196,236
2012-08-18,238,117,134,3,251,46,142,124
2012-08-19,214,128,129,1,207,53,124,103
2012-08-20,393,209,213,3,437,104,203,222
2012-08-21,436,210,188,4,460,151,230,247
2012-08-22,499,232,182,3,479,150,232,250
2012-08-23,475,232,184,6,487,163,241,243
2012-08-24,436,191,194,3,399,150,198,231
2012-08-25,208,110,131,0,216,46,122,117
2012-08-26,254,83,107,2,223,48,104,113
2012-08-27,421,200,181,3,405,117,209,248
2012-08-28,465,224,172,5,482,136,218,258
2012-08-29,531,245,179,6,545,175,220,245
2012-08-30,539,225,208,6,500,159,208,237
2012-08-31,467,211,165,4,391,128,187,227
2012-09-01,214,128,125,3,235,55,117,115
2012-09-02,248,128,131,0,216,64,114,110
2012-09-03,405,161,167,4,417,118,178,203
2012-09-04,482,200,166,3,460,149,216,244
2012-09-05,520,204,194,3,467,134,248,257
2012-09-06,498,206,189,2,474,149,241,237
2012-09-07,429,184,190,6,405,145,203,231
2012-09-08,239,109,126,1,263,70,129,102
2012-09-09,235,120,127,0,221,56,134,99
2012-09-10,507,202,180,3,406,145,191,258
2012-09-11,512,220,159,6,472,179,218,236
2012-09-12,504,245,195,6,437,183,218,239
2012-09-13,462,220,195,5,439,163,193,272
2012-09-14,446,204,180,7,418,149,186,204
2012-09-15,213,95,93,2,228,78,112,116
2012-09-16,252,131,122,1,205,65,123,124
2012-09-17,476,207,206,1,419,153,197,202
2012-09-18,467,210,198,1,466,170,246,213
2012-09-19,463,210,179,4,490,155,232,227
2012-09-20,461,215,196,8,472,153,225,241
2012-09-21,445,172,181,2,459,148,225,230
2012-09-22,242,124,130,3,259,70,126,128
2012-09-23,242,148,109,1,221,72,129,125
2012-09-24,478,210,216,1,408,139,214,275
2012-09-25,488,220,199,6,461,143,223,263
2012-09-26,507,227,206,5,495,147,242,287
2012-09-27,536,224,219,2,528,179,266,312
2012-09-28,461,185,197,3,456,115,207,248
2012-09-29,228,105,124,1,223,53,123,145
2012-09-30,241,125,127,2,241,52,105,109
2012-10-01,463,186,166,1,434,127,190,249
2012-10-02,456,216,205,3,430,140,191,239
2012-10-03,455,218,198,5,464,146,204,271
2012-10-04,481,211,217,4,466,174,227,282
2012-10-05,450,198,207,2,452,143,210,223
2012-10-06,301,149,152,0,221,65,104,120
2012-10-07,283,141,150,1,235,68,103,137
2012-10-08,490,199,188,0,433,151,217,255
2012-10-09,522,216,206,1,414,173,208,233
2012-10-10,503,231,229,3,523,189,218,313
2012-10-11,530,243,205,6,514,161,260,288
2012-10-12,497,210,211,2,452,143,215,248
2012-10-13,278,130,154,1,242,87,124,117
2012-10-14,284,153,150,1,222,60,125,127
2012-10-15,500,220,221,1,460,135,207,237
2012-10-16,525,246,230,4,480,168,222,291
2012-10-17,582,243,236,2,527,186,228,253
2012-10-18,540,237,256,8,496,178,235,284
2012-10-19,531,208,210,4,466,167,216,250
2012-10-20,291,144,159,2,234,60,108,140
2012-10-21,297,161,142,4,259,76,116,123
2012-10-22,495,222,199,6,458,145,186,287
2012-10-23,543,243,207,11,506,157,210,259
2012-10-24,488,224,226,3,449,140,214,274
2012-10-25,492,262,220,8,508,177,250,260
2012-10-26,481,200,220,6,439,151,202,217
2012-10-27,286,127,142,0,238,58,133,123
2012-10-28,317,136,134,2,234,62,89,125
2012-10-29,498,225,210,4,444,143,188,256
2012-10-30,491,215,185,4,465,164,222,256
2012-10-31,512,215,206,5,472,175,216,269
2012-11-01,489,213,227,6,457,173,212,253
2012-11-02,501,190,201,3,487,152,192,247
2012-11-03,305,168,136,1,237,77,122,126
2012-11-04,280,144,171,4,243,66,142,137
2012-11-05,532,214,219,5,462,172,229,301
2012-11-06,539,252,212,7,465,167,218,277
2012-11-07,508,225,238,5,502,190,240,271
2012-11-08,536,281,234,6,534,185,252,294
2012-11-09,492,243,205,0,450,156,209,222
2012-11-10,294,143,154,1,272,69,129,131
2012-11-11,288,160,147,3,233,68,118,123
2012-11-12,473,214,245,4,447,156,225,266
2012-11-13,478,252,234,5,487,168,234,258
2012-11-14,564,249,221,6,482,173,224,232
2012-11-15,542,260,235,4,460,181,226,253
2012-11-16,483,220,235,7,445,194,194,218
2012-11-17,323,139,155,1,240,82,133,147
2012-11-18,311,160,170,3,263,74,116,125
2012-11-19,507,235,254,10,491,165,240,264
2012-11-20,583,254,237,2,515,178,249,250
2012-11-21,545,242,258,2,484,181,228,275
2012-11-22,545,267,234,3,478,164,200,228
2012-11-23,394,221,200,0,401,115,228,199
2012-11-24,286,141,159,0,241,63,136,134
2012-11-25,345,136,169,3,264,91,150,116
2012-11-26,509,200,226,7,482,160,212,252
2012-11-27,589,292,254,6,508,190,223,223
2012-11-28,630,240,294,6,586,193,257,265
2012-11-29,537,274,284,5,545,206,291,281
2012-11-30,579,281,217,5,435,181,220,198
2012-12-01,301,161,185,1,262,72,130,151
2012-12-02,354,160,166,0,304,79,135,117
2012-12-03,568,222,217,7,526,189,244,239
2012-12-04,594,256,247,2,536,185,252,286
2012-12-05,595,266,248,3,551,188,250,253
2012-12-06,593,249,238,5,489,191,265,278
2012-12-07,496,243,191,5,486,172,234,249
2012-12-08,348,164,163,2,271,95,163,116
2012-12-09,350,157,190,4,281,84,149,120
2012-12-10,513,250,239,4,497,151,231,251
2012-12-11,534,243,245,3,490,173,246,262
2012-12-12,536,231,243,4,579,195,288,289
2012-12-13,519,258,256,6,502,194,248,268
2012-12-14,509,204,210,5,511,154,208,256
2012-12-15,286,140,157,3,246,64,128,113
2012-12-16,254,136,144,2,241,89,116,126
2012-12-17,493,227,221,4,461,152,239,246
2012-12-18,510,244,228,11,491,194,225,272
2012-12-19,555,221,238,6,512,176,246,265
2012-12-20,533,209,205,7,478,179,246,223
2012-12-21,393,198,198,6,413,150,232,204
2012-12-22,243,122,140,3,263,70,153,91
2012-12-23,234,119,130,1,226,36,140,102
2012-12-24,298,141,147,6,263,70,154,171
2012-12-25,201,116,107,0,221,71,96,121
2012-12-26,354,147,151,6,320,128,176,170
2012-12-27,437,185,153,3,402,106,193,200
2012-12-28,350,173,163,3,396,104,200,172
2012-12-29,285,135,156,4,244,80,136,137
2012-12-30,243,142,124,6,236,65,116,106
2012-12-31,293,135,133,3,272,75,128,145
2013-01-01,230,112,124,2,238,81,110,108
2013-01-02,414,166,157,4,385,130,216,209
2013-01-03,491,225,209,3,460,159,230,243
2013-01-04,497,228,199,1,480,167,213,265
2013-01-05,299,150,171,2,272,83,152,155
2013-01-06,269,146,150,6,300,78,139,130
2013-01-07,506,195,198,6,484,155,240,256
2013-01-08,523,234,225,6,550,169,241,288
2013-01-09,495,271,238,7,527,196,252,303
2013-01-10,566,250,234,8,549,196,256,284
2013-01-11,517,229,229,7,507,172,262,227
2013-01-12,294,134,145,6,314,87,154,137
2013-01-13,278,150,151,6,288,69,149,131
2013-01-14,434,215,212,2,441,153,239,256
2013-01-15,572,237,213,6,550,193,223,245
2013-01-16,522,265,252,8,539,200,264,243
2013-01-17,611,236,224,5,518,180,234,275
2013-01-18,540,228,216,4,471,175,248,233
2013-01-19,293,161,163,2,313,100,161,130
2013-01-20,304,151,141,3,275,80,150,126
2013-01-21,515,233,198,10,515,174,238,246
2013-01-22,565,245,208,5,559,183,278,273
2013-01-23,559,243,214,5,563,209,292,271
2013-01-24,559,286,240,8,576,179,302,257
2013-01-25,497,237,185,8,498,173,216,254
2013-01-26,279,169,154,3,288,87,149,132
2013-01-27,285,189,181,2,326,92,161,125
2013-01-28,516,259,223,6,546,183,272,242
2013-01-29,573,298,249,8,618,199,269,268
2013-01-30,564,264,252,3,600,212,261,284
2013-01-31,555,282,244,5,560,209,251,253
2013-02-01,513,274,239,7,512,206,235,240
2013-02-02,275,173,160,4,274,83,143,129
2013-02-03,320,160,146,2,283,87,155,110
2013-02-04,512,249,222,7,510,179,241,237
2013-02-05,574,282,242,6,576,213,300,274
2013-02-06,602,303,247,9,564,217,287,280
2013-02-07,575,301,252,8,649,220,281,294
2013-02-08,509,279,222,5,558,205,246,225
2013-02-09,288,148,148,0,310,76,149,110
2013-02-10,312,164,198,1,324,94,157,120
2013-02-11,547,254,235,10,559,174,276,243
2013-02-12,575,248,245,5,611,190,268,267
2013-02-13,588,298,248,7,637,189,310,286
2013-02-14,563,273,253,6,559,200,262,240
2013-02-15,538,250,227,7,567,153,249,209
2013-02-16,330,151,158,3,352,86,166,143
2013-02-17,354,158,166,1,317,84,150,123
2013-02-18,582,236,191,8,544,186,281,218
2013-02-19,621,271,252,12,558,212,257,268
2013-02-20,703,277,268,7,591,233,275,274
2013-02-21,598,308,273,14,584,206,280,275
2013-02-22,565,290,244,8,556,172,261,241
2013-02-23,360,169,199,3,317,105,123,132
2013-02-24,342,175,188,3,316,78,148,123
2013-02-25,537,284,261,10,578,200,302,265
2013-02-26,652,288,248,8,615,205,260,284
2013-02-27,661,292,278,12,624,199,300,273
2013-02-28,623,318,266,14,641,193,300,286
2013-03-01,509,295,232,3,534,179,284,239
2013-03-02,337,185,202,0,302,90,162,132
2013-03-03,342,171,215,1,327,106,158,122
2013-03-04,594,265,248,7,600,187,268,309
2013-03-05,637,286,278,7,647,209,307,287
2013-03-06,678,288,262,8,655,241,305,303
2013-03-07,644,313,263,5,664,222,286,273
2013-03-08,553,268,244,9,597,197,289,231
2013-03-09,358,179,162,2,286,90,172,153
2013-03-10,397,188,201,4,335,102,185,116
2013-03-11,594,295,297,3,576,203,272,258
2013-03-12,645,295,289,8,628,230,334,288
2013-03-13,612,294,293,7,630,227,294,306
2013-03-14,688,307,254,10,607,222,281,303
2013-03-15,570,262,236,4,513,199,291,273
2013-03-16,369,183,184,3,316,97,179,134
2013-03-17,340,184,198,10,325,100,160,125
2013-03-18,569,312,264,10,556,214,282,269
2013-03-19,709,257,276,2,607,239,309,294
2013-03-20,650,300,283,9,634,221,289,297
2013-03-21,637,330,274,10,604,239,313,273
2013-03-22,566,256,253,3,540,187,286,254
2013-03-23,351,180,157,3,332,82,178,136
2013-03-24,383,175,190,1,320,95,161,116
2013-03-25,579,287,220,13,592,232,283,271
2013-03-26,604,282,239,5,640,220,300,282
2013-03-27,587,290,270,8,626,183,281,316
2013-03-28,642,290,296,7,608,205,298,263
2013-03-29,537,251,248,8,531,138,231,221
2013-03-30,321,142,184,5,322,93,170,161
2013-03-31,383,180,193,0,277,81,148,108
2013-04-01,512,251,225,7,498,152,241,222
2013-04-02,615,283,262,7,647,191,317,302
2013-04-03,711,337,298,14,596,212,266,289
2013-04-04,639,316,299,8,621,230,318,302
2013-04-05,603,293,279,8,608,193,308,279
2013-04-06,397,165,185,3,307,81,167,159
2013-04-07,379,199,219,5,323,92,161,137
2013-04-08,598,291,287,11,563,199,267,279
2013-04-09,692,344,292,13,613,223,335,268
2013-04-10,633,304,297,10,649,217,319,273
2013-04-11,621,263,242,7,574,194,294,273
2013-04-12,600,293,278,6,603,204,282,275
2013-04-13,389,168,185,3,323,79,178,137
2013-04-14,404,200,194,4,334,97,184,130
2013-04-15,567,279,269,12,567,196,257,279
2013-04-16,630,294,250,3,593,216,305,251
2013-04-17,637,332,302,5,645,204,257,252
2013-04-18,648,317,289,6,609,197,268,281
2013-04-19,575,290,250,7,574,156,255,240
2013-04-20,409,179,168,3,345,109,196,109
2013-04-21,358,187,180,3,320,89,164,115
2013-04-22,595,309,238,6,587,177,288,246
2013-04-23,648,313,273,8,622,206,303,273
2013-04-24,682,322,284,5,639,213,305,283
2013-04-25,671,293,242,2,625,243,315,273
2013-04-26,584,271,238,6,551,188,269,235
2013-04-27,371,195,166,2,318,79,147,127
2013-04-28,391,200,185,4,311,105,161,132
2013-04-29,597,285,225,4,603,193,292,260
2013-04-30,590,284,227,9,544,198,285,248
2013-05-01,548,248,214,8,511,153,285,214
2013-05-02,615,303,268,9,584,193,295,234
2013-05-03,546,243,224,8,502,170,219,254
2013-05-04,368,182,163,4,292,78,174,125
2013-05-05,320,160,186,7,284,102,142,117
2013-05-06,536,271,234,9,492,156,260,252
2013-05-07,566,296,261,8,594,218,292,272
2013-05-08,557,292,258,6,614,188,308,274
2013-05-09,599,300,264,8,607,232,260,248
2013-05-10,514,270,260,8,518,219,251,273
2013-05-11,318,165,169,3,310,93,176,115
2013-05-12,324,190,160,4,291,88,135,110
2013-05-13,586,286,219,6,558,172,229,238
2013-05-14,586,313,244,3,606,211,282,252
2013-05-15,646,301,270,10,596,192,280,297
2013-05-16,639,323,266,11,619,206,283,291
2013-05-17,552,261,253,9,558,175,266,215
2013-05-18,321,174,182,8,315,78,147,120
2013-05-19,320,184,142,7,301,79,168,123
2013-05-20,554,278,207,4,499,179,250,239
2013-05-21,610,269,241,5,573,202,290,288
2013-05-22,579,289,261,11,588,218,271,257
2013-05-23,581,304,259,9,611,216,284,279
2013-05-24,500,252,219,13,537,163,244,231
2013-05-25,289,167,172,1,286,62,142,124
2013-05-26,284,168,162,7,257,83,129,93
2013-05-27,504,250,240,8,462,132,245,213
2013-05-28,570,285,250,8,555,191,258,273
2013-05-29,601,317,285,11,628,206,294,252
2013-05-30,600,306,238,7,610,230,310,304
2013-05-31,572,273,217,7,522,154,256,243
2013-06-01,326,179,168,0,281,89,166,119
2013-06-02,303,149,154,0,309,84,142,103
2013-06-03,477,283,208,4,547,189,248,256
2013-06-04,592,288,231,9,612,204,275,259
2013-06-05,590,313,248,11,605,184,287,300
2013-06-06,607,300,234,14,618,172,266,281
2013-06-07,540,304,226,14,570,167,286,216
2013-06-08,303,166,158,8,272,96,164,118
2013-06-09,299,149,173,2,278,61,168,138
2013-06-10,512,268,231,10,523,177,252,222
2013-06-11,533,333,240,12,591,210,287,220
2013-06-12,612,308,267,10,559,199,295,260
2013-06-13,586,308,254,11,586,221,275,240
2013-06-14,535,284,218,9,519,201,272,209
2013-06-15,310,157,148,8,303,66,150,107
2013-06-16,266,175,156,5,282,82,168,100
2013-06-17,539,294,229,13,592,187,306,241
2013-06-18,615,299,256,7,652,240,321,253
2013-06-19,598,323,256,11,662,217,308,259
2013-06-20,613,304,259,7,617,200,319,248
2013-06-21,542,283,226,15,543,195,254,222
2013-06-22,286,166,141,1,311,75,141,133
2013-06-23,285,173,134,6,257,75,137,101
2013-06-24,529,296,208,4,596,204,316,227
2013-06-25,582,299,239,9,651,190,332,266
2013-06-26,607,345,262,17,660,221,315,256
2013-06-27,619,312,296,15,678,220,306,280
2013-06-28,538,302,251,4,569,219,298,209
2013-06-29,285,173,135,8,315,94,150,100
2013-06-30,307,175,143,3,307,56,168,107
2013-07-01,536,307,195,11,548,189,294,211
2013-07-02,564,334,245,14,644,221,297,270
2013-07-03,633,360,263,19,648,209,316,236
2013-07-04,507,250,214,8,573,205,245,241
2013-07-05,533,265,220,7,511,160,263,213
2013-07-06,259,146,130,4,307,71,134,112
2013-07-07,247,149,158,0,287,63,152,104
2013-07-08,539,317,231,15,592,182,264,233
2013-07-09,583,307,226,14,653,231,281,276
2013-07-10,607,297,232,6,629,233,304,282
2013-07-11,606,322,236,9,634,218,313,249
2013-07-12,540,306,245,9,572,176,281,230
2013-07-13,277,186,127,4,286,74,159,113
2013-07-14,285,169,150,4,312,81,176,109
2013-07-15,576,335,245,7,616,209,278,275
2013-07-16,631,351,245,16,662,208,358,277
2013-07-17,649,337,268,21,700,223,345,281
2013-07-18,585,305,244,2,711,225,371,304
2013-07-19,539,357,240,7,622,216,290,259
2013-07-20,291,169,132,5,295,89,150,125
2013-07-21,267,189,143,4,322,74,194,126
2013-07-22,509,288,238,8,609,200,308,253
2013-07-23,676,358,252,18,644,208,346,278
2013-07-24,633,333,268,18,688,230,358,273
2013-07-25,595,323,268,3,680,254,352,273
2013-07-26,533,311,244,9,622,187,345,267
2013-07-27,288,158,137,6,344,75,192,135
2013-07-28,268,187,159,6,312,71,190,166
2013-07-29,538,303,251,8,689,226,318,313
2013-07-30,605,318,249,11,685,247,342,276
2013-07-31,604,359,244,17,720,231,364,293
2013-08-01,653,310,220,16,634,248,307,278
2013-08-02,547,268,227,10,606,192,281,263
2013-08-03,300,133,152,2,312,72,170,130
2013-08-04,293,191,146,10,344,73,162,101
2013-08-05,493,271,223,9,604,177,274,267
2013-08-06,579,319,212,13,602,213,299,286
2013-08-07,603,321,258,9,682,187,361,290
2013-08-08,589,329,214,10,640,227,353,225
2013-08-09,525,266,192,7,572,187,300,202
2013-08-10,275,162,147,5,295,79,153,108
2013-08-11,288,203,151,9,268,71,147,107
2013-08-12,515,280,236,15,641,195,302,243
2013-08-13,601,342,203,14,620,223,338,269
2013-08-14,606,327,231,10,630,204,340,235
2013-08-15,520,296,215,10,556,183,272,215
2013-08-16,516,286,218,14,581,192,258,241
2013-08-17,298,153,123,4,342,71,184,128
2013-08-18,320,160,140,3,302,73,179,151
2013-08-19,512,229,225,5,570,169,308,230
2013-08-20,567,291,207,8,626,200,307,256
2013-08-21,546,305,254,8,635,202,304,251
2013-08-22,609,306,277,11,666,235,371,248
2013-08-23,568,294,250,9,679,254,304,295
2013-08-24,333,165,138,3,374,109,198,115
2013-08-25,335,177,172,7,369,96,212,135
2013-08-26,604,272,226,6,651,224,357,229
2013-08-27,583,308,227,11,759,236,405,256
2013-08-28,653,303,265,14,778,280,412,278
2013-08-29,636,326,243,18,782,251,386,301
2013-08-30,573,264,217,10,637,215,327,246
2013-08-31,317,162,163,5,371,88,220,137
2013-09-01,310,179,134,2,331,95,177,130
2013-09-02,556,270,208,8,576,182,307,266
2013-09-03,609,291,231,12,720,223,359,262
2013-09-04,695,305,262,5,696,256,368,256
2013-09-05,653,275,268,12,749,231,396,293
2013-09-06,581,286,235,6,668,213,352,221
2013-09-07,315,206,174,7,348,73,219,145
2013-09-08,351,172,178,5,349,110,205,130
2013-09-09,567,274,206,8,618,237,304,237
2013-09-10,618,316,233,15,703,253,365,277
2013-09-11,662,282,259,14,745,283,391,267
2013-09-12,664,331,236,6,740,256,393,317
2013-09-13,686,338,246,8,734,235,356,273
2013-09-14,357,216,176,2,374,110,236,153
2013-09-15,387,198,183,3,396,105,239,136
2013-09-16,690,304,254,9,734,270,368,319
2013-09-17,693,313,261,9,810,258,375,297
2013-09-18,729,343,299,9,788,261,393,303
2013-09-19,726,315,273,10,847,275,358,338
2013-09-20,625,316,258,15,721,227,335,332
2013-09-21,376,223,172,7,393,108,192,181
2013-09-22,434,219,169,10,383,113,201,170
2013-09-23,687,283,223,12,755,245,357,335
2013-09-24,744,381,268,13,835,276,370,389
2013-09-25,758,328,296,4,812,277,401,374
2013-09-26,763,335,279,11,798,281,369,361
2013-09-27,678,294,251,3,715,202,357,332
2013-09-28,410,205,179,5,345,98,216,154
2013-09-29,424,223,199,8,428,107,224,158
2013-09-30,642,303,251,5,713,242,376,314
2013-10-01,690,326,287,19,788,273,364,360
2013-10-02,642,349,334,15,690,239,315,297
2013-10-03,759,325,298,11,806,307,391,329
2013-10-04,682,322,260,14,722,267,359,350
2013-10-05,422,193,209,4,344,115,197,188
2013-10-06,442,231,230,8,332,124,223,132
2013-10-07,685,340,333,13,750,262,397,325
2013-10-08,776,358,303,16,813,280,382,368
2013-10-09,813,391,305,11,814,304,438,322
2013-10-10,743,356,309,10,880,287,411,386
2013-10-11,676,329,252,10,814,233,367,324
2013-10-12,408,226,168,5,414,114,219,180
2013-10-13,402,221,196,10,407,121,219,153
2013-10-14,658,332,268,4,676,237,308,274
2013-10-15,735,348,315,13,813,265,370,298
2013-10-16,762,371,319,14,821,295,458,330
2013-10-17,801,364,315,17,880,276,389,359
2013-10-18,662,358,297,11,729,256,346,313
2013-10-19,442,211,214,6,408,101,215,164
2013-10-20,471,235,232,10,388,111,237,174
2013-10-21,799,364,307,12,794,288,393,349
2013-10-22,792,373,311,13,833,263,410,363
2013-10-23,821,398,288,13,842,309,398,350
2013-10-24,811,429,318,16,885,294,423,367
2013-10-25,698,325,274,16,785,280,393,322
2013-10-26,435,200,168,9,437,115,236,147
2013-10-27,476,255,227,10,432,117,202,148
2013-10-28,765,346,293,13,839,266,408,338
2013-10-29,821,412,305,15,868,311,437,355
2013-10-30,779,391,318,15,872,268,421,351
2013-10-31,735,380,312,11,810,280,376,337
2013-11-01,570,342,271,9,656,219,322,255
2013-11-02,388,227,199,6,354,111,213,144
2013-11-03,422,260,202,7,388,125,214,137
2013-11-04,688,318,280,10,713,220,368,292
2013-11-05,748,375,311,18,757,263,363,293
2013-11-06,810,401,357,17,857,317,401,359
2013-11-07,780,384,338,19,860,302,448,348
2013-11-08,738,374,284,16,740,268,399,298
2013-11-09,477,239,199,5,407,104,201,155
2013-11-10,473,250,256,9,414,128,206,139
2013-11-11,759,367,334,15,743,268,352,308
2013-11-12,853,419,311,13,808,273,420,364
2013-11-13,797,435,319,15,883,277,445,337
2013-11-14,764,388,347,11,854,274,408,331
2013-11-15,742,326,301,14,793,273,366,285
2013-11-16,470,255,226,10,418,136,234,183
2013-11-17,526,241,228,7,428,145,245,158
2013-11-18,877,387,317,11,774,257,373,306
2013-11-19,805,398,352,18,820,306,405,363
2013-11-20,887,392,345,20,850,311,392,344
2013-11-21,844,387,355,12,845,331,427,368
2013-11-22,796,379,308,11,867,288,390,284
2013-11-23,537,238,229,9,471,130,254,161
2013-11-24,493,261,245,6,415,160,216,149
2013-11-25,799,379,325,12,783,290,361,313
2013-11-26,895,377,367,17,854,308,443,344
2013-11-27,835,392,310,13,834,305,386,309
2013-11-28,741,330,296,7,728,213,375,335
2013-11-29,652,299,266,8,646,196,282,264
2013-11-30,443,263,179,13,460,131,230,137
2013-12-01,461,226,201,5,464,111,256,157
2013-12-02,747,358,273,9,780,259,380,297
2013-12-03,881,398,324,12,887,251,430,326
2013-12-04,813,392,345,10,899,308,455,320
2013-12-05,853,412,292,17,849,291,427,330
2013-12-06,764,327,291,21,828,306,394,321
2013-12-07,502,249,209,8,449,139,237,159
2013-12-08,476,289,215,7,416,139,211,160
2013-12-09,816,373,291,16,729,289,367,317
2013-12-10,859,403,297,20,869,297,412,305
2013-12-11,901,421,303,18,823,326,434,336
2013-12-12,825,365,284,15,913,322,489,346
2013-12-13,763,295,296,13,709,236,370,281
2013-12-14,404,196,205,4,380,126,219,158
2013-12-15,423,211,231,7,382,127,243,151
2013-12-16,702,317,262,22,757,267,412,291
2013-12-17,771,391,271,22,827,294,410,314
2013-12-18,766,328,276,14,871,311,426,327
2013-12-19,748,322,284,19,863,302,393,290
2013-12-20,652,293,237,11,660,230,347,246
2013-12-21,337,196,173,4,358,104,206,133
2013-12-22,382,205,198,7,362,130,189,121
2013-12-23,597,278,215,6,578,215,297,241
2013-12-24,481,223,171,6,517,161,287,192
2013-12-25,344,148,144,6,355,98,204,110
2013-12-26,510,209,198,6,554,175,274,259
2013-12-27,549,258,214,9,594,183,300,216
2013-12-28,380,181,146,4,405,98,224,135
2013-12-29,350,195,177,3,398,106,188,157
2013-12-30,581,297,269,8,635,224,323,234
2013-12-31,417,209,192,10,499,154,247,211
2014-01-01,312,157,158,4,403,78,211,129
2014-01-02,620,298,217,12,701,233,361,261
2014-01-03,660,334,249,13,758,217,370,313
2014-01-04,388,225,187,5,505,124,323,177
2014-01-05,432,227,215,7,449,138,254,159
2014-01-06,706,320,254,12,770,224,410,301
2014-01-07,729,370,298,19,812,279,415,302
2014-01-08,825,428,298,20,853,308,444,361
2014-01-09,734,381,299,23,872,315,437,342
2014-01-10,745,405,277,18,853,259,393,306
2014-01-11,473,220,193,7,474,145,250,165
2014-01-12,451,240,207,11,457,139,246,161
2014-01-13,658,370,304,15,814,279,373,294
2014-01-14,697,374,292,14,890,306,477,296
2014-01-15,825,393,313,13,902,310,467,286
2014-01-16,793,431,277,19,895,307,494,353
2014-01-17,759,358,266,17,890,278,475,304
2014-01-18,428,255,218,9,508,125,286,190
2014-01-19,470,248,229,4,499,139,263,159
2014-01-20,767,343,295,15,784,248,420,309
2014-01-21,787,431,319,29,867,307,468,326
2014-01-22,833,420,316,31,934,339,487,306
2014-01-23,771,402,291,17,968,333,463,387
2014-01-24,701,375,289,17,800,299,421,307
2014-01-25,462,271,217,10,484,134,263,183
2014-01-26,483,245,221,10,463,138,290,178
2014-01-27,779,379,272,14,887,303,435,333
2014-01-28,824,440,321,18,906,311,443,350
2014-01-29,840,423,315,21,964,329,516,362
2014-01-30,755,393,297,20,988,268,507,347
2014-01-31,750,353,276,16,836,259,448,290
2014-02-01,439,238,204,7,478,134,277,177
2014-02-02,436,264,207,7,486,136,259,153
2014-02-03,746,353,287,12,855,263,406,292
2014-02-04,843,425,318,14,924,325,498,313
2014-02-05,856,417,355,19,945,339,490,352
2014-02-06,883,425,307,17,968,350,480,379
2014-02-07,820,396,295,17,898,309,433,318
2014-02-08,516,255,219,12,511,140,282,169
2014-02-09,489,280,230,14,545,129,313,193
2014-02-10,843,426,308,14,968,300,420,353
2014-02-11,900,410,319,10,1040,324,510,365
2014-02-12,857,425,318,22,1060,371,528,378
2014-02-13,883,439,338,26,979,304,447,369
2014-02-14,745,393,317,15,901,258,461,329
2014-02-15,517,228,192,9,530,140,296,209
2014-02-16,513,274,264,10,531,132,261,184
2014-02-17,828,387,315,15,856,309,414,354
2014-02-18,913,423,315,13,977,308,475,388
2014-02-19,915,437,331,9,1028,331,494,417
2014-02-20,909,476,345,12,1022,334,512,357
2014-02-21,893,437,315,23,897,310,448,371
2014-02-22,611,287,233,10,531,122,279,226
2014-02-23,616,303,202,4,584,128,321,204
2014-02-24,879,455,301,25,983,308,466,406
2014-02-25,856,457,352,23,970,323,460,367
2014-02-26,920,455,354,24,990,355,522,372
2014-02-27,898,473,374,18,1027,328,524,395
2014-02-28,876,417,306,28,933,291,491,331
2014-03-01,511,276,227,9,511,160,257,209
2014-03-02,523,301,245,10,541,137,308,197
2014-03-03,839,451,307,23,852,313,450,342
2014-03-04,968,436,335,24,1002,306,500,390
2014-03-05,974,463,384,21,1026,352,480,346
2014-03-06,984,485,313,25,1036,333,493,371
2014-03-07,847,462,311,27,860,294,482,335
2014-03-08,519,278,236,13,556,129,329,199
2014-03-09,501,267,252,6,508,134,247,216
2014-03-10,882,441,306,23,958,310,482,343
2014-03-11,943,450,323,15,968,317,476,439
2014-03-12,985,501,358,28,1083,350,534,417
2014-03-13,985,495,360,20,998,350,522,408
2014-03-14,824,423,314,21,903,313,456,358
2014-03-15,578,268,239,8,509,130,277,206
2014-03-16,576,280,260,2,527,164,275,185
2014-03-17,850,421,298,14,868,293,417,361
2014-03-18,908,451,353,21,993,304,522,401
2014-03-19,923,458,340,20,1041,397,498,366
2014-03-20,908,448,348,37,985,369,521,411
2014-03-21,837,425,306,16,907,311,482,338
2014-03-22,568,265,236,6,517,156,280,216
2014-03-23,568,323,253,8,519,139,296,184
2014-03-24,891,416,346,17,885,286,454,357
2014-03-25,955,447,329,27,1012,325,535,365
2014-03-26,956,491,372,28,1004,372,506,395
2014-03-27,931,475,365,22,955,347,460,384
2014-03-28,872,415,308,22,899,291,434,310
2014-03-29,534,280,210,7,519,160,238,187
2014-03-30,562,295,227,9,535,146,285,177
2014-03-31,845,421,281,16,863,304,397,357
2014-04-01,948,511,324,31,1011,336,471,368
2014-04-02,928,457,339,26,1026,403,506,375
2014-04-03,899,467,339,20,991,357,537,385
2014-04-04,880,443,330,20,861,296,420,346
2014-04-05,522,260,231,4,513,153,291,218
2014-04-06,593,325,251,14,505,159,261,183
2014-04-07,933,434,344,25,864,311,428,335
2014-04-08,947,429,352,16,984,331,482,380
2014-04-09,963,472,365,22,941,361,462,368
2014-04-10,938,475,351,27,1032,337,494,391
2014-04-11,873,395,313,23,853,322,499,329
2014-04-12,503,268,221,11,542,151,302,193
2014-04-13,528,263,208,3,500,141,279,177
2014-04-14,844,383,306,19,852,306,440,339
2014-04-15,935,454,313,16,951,338,472,365
2014-04-16,886,455,297,23,948,339,458,342
2014-04-17,806,421,326,22,930,364,469,347
2014-04-18,682,373,256,11,698,281,405,293
2014-04-19,553,278,200,7,490,130,271,194
2014-04-20,501,254,199,6,445,145,235,137
2014-04-21,748,360,278,13,749,252,357,294
2014-04-22,947,470,324,15,1003,332,514,373
2014-04-23,933,464,322,12,909,328,454,328
2014-04-24,900,407,342,19,938,318,463,335
2014-04-25,907,414,310,21,896,331,449,320
2014-04-26,458,293,195,18,456,166,267,184
2014-04-27,549,311,210,6,452,173,255,181
2014-04-28,843,410,316,24,867,305,441,353
2014-04-29,834,395,319,17,895,313,442,358
2014-04-30,789,384,287,21,901,270,418,293
2014-05-01,644,326,253,22,781,254,372,262
2014-05-02,737,344,248,18,765,229,402,266
2014-05-03,467,252,204,14,474,118,248,180
2014-05-04,427,248,231,11,497,128,254,160
2014-05-05,805,342,267,19,798,281,408,308
2014-05-06,829,338,307,15,916,283,475,358
2014-05-07,827,406,285,20,940,318,484,298
2014-05-08,863,454,266,31,904,339,472,379
2014-05-09,720,376,217,21,823,265,400,302
2014-05-10,453,270,202,9,472,135,222,165
2014-05-11,456,224,207,10,454,129,242,161
2014-05-12,777,340,257,13,826,301,415,294
2014-05-13,810,397,279,19,854,291,444,337
2014-05-14,816,416,278,20,928,322,445,352
2014-05-15,839,388,266,18,948,330,420,349
2014-05-16,482,286,147,10,575,168,274,211
2014-05-17,398,215,153,9,408,129,221,174
2014-05-18,416,200,163,6,380,116,215,145
2014-05-19,758,359,222,11,831,267,438,323
2014-05-20,829,410,253,27,888,326,491,335
2014-05-21,821,386,274,27,920,316,435,338
2014-05-22,749,378,264,22,923,316,490,341
2014-05-23,782,358,258,13,813,258,422,291
2014-05-24,385,208,192,10,410,110,230,151
2014-05-25,391,217,171,12,423,131,189,136
2014-05-26,637,304,238,9,664,218,345,287
2014-05-27,714,372,278,19,784,268,351,325
2014-05-28,767,392,264,15,882,294,427,297
2014-05-29,678,365,274,19,819,291,389,312
2014-05-30,751,332,241,12,783,226,373,303
2014-05-31,338,169,141,5,336,103,167,145
2014-06-01,394,204,141,4,404,119,210,132
2014-06-02,621,337,194,13,760,272,367,267
2014-06-03,732,426,235,21,837,283,353,329
2014-06-04,750,418,257,28,910,296,416,375
2014-06-05,781,406,259,20,914,299,409,417
2014-06-06,660,338,230,25,782,256,356,252
2014-06-07,352,190,121,9,359,96,171,154
2014-06-08,402,257,156,9,366,125,217,191
2014-06-09,647,383,226,23,712,240,335,308
2014-06-10,759,398,247,16,828,260,401,361
2014-06-11,767,379,245,19,879,282,418,344
2014-06-12,719,357,237,21,833,304,404,350
2014-06-13,639,346,216,18,721,252,342,284
2014-06-14,370,189,139,12,405,88,209,153
2014-06-15,380,214,154,14,365,98,179,176
2014-06-16,591,336,223,18,722,270,343,278
2014-06-17,724,359,232,20,894,299,400,334
2014-06-18,783,407,239,20,850,301,383,324
2014-06-19,725,365,252,18,897,304,458,328
2014-06-20,652,363,218,16,724,283,338,301
2014-06-21,339,182,165,6,438,102,226,162
2014-06-22,355,214,128,9,408,100,217,161
2014-06-23,706,335,206,14,736,285,337,331
2014-06-24,739,360,258,20,873,310,381,343
2014-06-25,761,434,267,22,841,324,412,356
2014-06-26,760,412,255,18,856,298,441,305
2014-06-27,664,363,226,21,799,266,413,264
2014-06-28,295,173,123,9,398,93,196,183
2014-06-29,351,190,138,10,377,105,196,154
2014-06-30,702,346,243,5,773,256,353,297
2014-07-01,707,396,238,17,777,265,345,308
2014-07-02,731,385,264,18,885,299,421,351
2014-07-03,774,386,265,17,885,317,431,340
2014-07-04,551,259,179,14,658,200,344,267
2014-07-05,331,183,142,5,374,77,208,176
2014-07-06,353,198,128,8,402,92,214,133
2014-07-07,741,400,245,26,746,281,352,298
2014-07-08,713,405,249,19,841,287,389,312
2014-07-09,808,394,250,22,874,299,413,354
2014-07-10,788,414,261,26,853,304,380,342
2014-07-11,679,383,247,19,770,293,337,325
2014-07-12,365,201,138,8,385,106,203,145
2014-07-13,375,222,138,3,379,110,217,160
2014-07-14,687,391,240,22,807,250,380,287
2014-07-15,740,413,248,24,847,285,382,383
2014-07-16,813,379,239,11,933,310,443,341
2014-07-17,828,447,258,22,922,331,413,364
2014-07-18,650,390,251,19,747,242,403,311
2014-07-19,391,202,146,6,436,121,253,178
2014-07-20,367,182,156,14,381,100,223,157
2014-07-21,716,389,260,10,816,271,354,337
2014-07-22,741,462,287,24,893,295,414,352
2014-07-23,803,446,255,31,981,303,461,380
2014-07-24,804,419,257,15,921,323,445,363
2014-07-25,668,392,226,8,801,260,372,315
2014-07-26,356,222,139,7,396,128,223,161
2014-07-27,385,241,137,8,464,114,229,189
2014-07-28,688,367,206,14,792,205,391,311
2014-07-29,698,417,237,22,801,282,390,328
2014-07-30,722,403,270,18,897,303,430,342
2014-07-31,709,397,278,24,889,306,447,347
2014-08-01,662,363,213,20,701,235,341,267
2014-08-02,410,191,147,4,398,100,180,157
2014-08-03,340,218,136,5,374,98,209,141
2014-08-04,717,366,246,18,741,259,384,300
2014-08-05,693,419,226,28,838,280,403,328
2014-08-06,678,435,246,20,872,310,428,374
2014-08-07,785,409,263,24,877,269,421,397
2014-08-08,686,380,226,23,779,246,393,313
2014-08-09,380,229,144,8,436,116,239,161
2014-08-10,374,230,167,10,422,106,187,151
2014-08-11,695,399,232,21,783,274,361,307
2014-08-12,759,444,268,28,901,296,404,334
2014-08-13,687,403,267,22,917,279,439,347
2014-08-14,722,373,257,19,923,312,456,349
2014-08-15,513,330,227,17,654,225,309,252
2014-08-16,356,194,147,5,407,92,194,156
2014-08-17,340,203,134,9,405,84,218,164
2014-08-18,679,371,224,18,801,262,377,312
2014-08-19,701,372,271,16,892,266,409,332
2014-08-20,724,374,225,12,856,292,473,395
2014-08-21,740,407,264,17,903,297,396,349
2014-08-22,641,340,236,22,809,265,385,324
2014-08-23,362,204,135,9,432,111,222,178
2014-08-24,362,215,140,10,417,123,232,143
2014-08-25,645,327,236,16,718,247,361,307
2014-08-26,763,407,260,25,894,277,442,321
2014-08-27,762,388,259,26,911,340,446,361
2014-08-28,741,372,250,18,862,294,419,321
2014-08-29,618,311,216,17,730,244,308,297
2014-08-30,349,196,148,8,417,89,192,159
2014-08-31,358,211,169,11,389,96,198,176
2014-09-01,626,302,207,17,704,241,349,272
2014-09-02,720,343,225,14,808,261,417,341
2014-09-03,754,389,253,19,835,318,410,336
2014-09-04,766,390,268,25,902,302,441,357
2014-09-05,756,352,239,21,813,269,380,313
2014-09-06,468,228,179,15,411,123,229,207
2014-09-07,417,239,191,7,418,113,214,175
2014-09-08,796,367,262,15,827,262,392,325
2014-09-09,820,366,281,18,881,273,432,361
2014-09-10,868,426,262,23,920,309,403,417
2014-09-11,843,437,340,35,924,295,430,422
2014-09-12,777,374,294,23,849,256,405,384
2014-09-13,440,233,217,11,482,145,250,217
2014-09-14,37,23,22,0,34,9,11,22
