time_of_day,2014-11-28,2014-12-01,2014-12-02,2014-12-03,2014-12-04,2014-12-05,2014-12-08,2014-12-09,2014-12-10,2014-12-11,2014-12-12,2014-12-15,2014-12-16,2014-12-17
03:29:00,52.0,52.0,52.0,52.0,52.0,52.0,,,,,,,,
03:30:00,51.0,51.0,51.0,51.0,51.0,51.0,51.0,51.0,51.0,51.0,51.0,51.0,51.0,51.0
03:31:00,50.0,50.0,50.0,50.0,50.0,50.0,50.0,50.0,50.0,50.0,50.0,50.0,50.0,50.0
03:32:00,49.0,49.0,49.0,49.0,49.0,49.0,49.0,49.0,49.0,49.0,49.0,49.0,49.0,49.0
03:33:00,48.0,48.0,48.0,48.0,48.0,48.0,48.0,48.0,48.0,48.0,48.0,48.0,48.0,48.0
03:34:00,47.0,47.0,47.0,47.0,47.0,47.0,47.0,47.0,47.0,47.0,47.0,47.0,47.0,47.0
03:35:00,46.0,46.0,46.0,46.0,46.0,46.0,46.0,46.0,46.0,46.0,46.0,46.0,46.0,46.0
03:36:00,45.0,45.0,45.0,45.0,45.0,45.0,45.0,45.0,45.0,45.0,45.0,45.0,45.0,45.0
03:37:00,44.0,44.0,44.0,44.0,44.0,44.0,44.0,44.0,44.0,44.0,44.0,44.0,44.0,44.0
03:38:00,43.0,43.0,43.0,43.0,43.0,43.0,43.0,43.0,43.0,43.0,43.0,43.0,43.0,43.0
03:39:00,42.0,42.0,42.0,42.0,42.0,42.0,42.0,42.0,42.0,42.0,42.0,42.0,42.0,42.0
03:40:00,41.0,41.0,41.0,41.0,41.0,41.0,41.0,41.0,41.0,41.0,41.0,41.0,41.0,41.0
03:41:00,40.0,40.0,40.0,40.0,40.0,40.0,40.0,40.0,40.0,40.0,40.0,40.0,40.0,40.0
03:42:00,39.0,39.0,39.0,39.0,39.0,39.0,39.0,39.0,39.0,39.0,39.0,39.0,39.0,39.0
03:43:00,38.0,38.0,38.0,38.0,38.0,38.0,38.0,38.0,38.0,38.0,38.0,38.0,38.0,38.0
03:44:00,37.0,37.0,37.0,37.0,37.0,37.0,37.0,37.0,37.0,37.0,37.0,37.0,37.0,38.0
03:45:00,36.0,36.0,36.0,36.0,36.0,36.0,36.0,36.0,36.0,36.0,36.0,36.0,36.0,36.0
03:46:00,35.0,35.0,35.0,35.0,35.0,35.0,35.0,35.0,35.0,35.0,35.0,35.0,35.0,35.0
03:47:00,34.0,34.0,34.0,34.0,34.0,34.0,34.0,34.0,34.0,34.0,34.0,34.0,34.0,34.0
03:48:00,33.0,33.0,33.0,33.0,33.0,33.0,33.0,33.0,33.0,33.0,33.0,33.0,33.0,33.0
03:49:00,32.0,32.0,32.0,32.0,32.0,32.0,32.0,32.0,32.0,32.0,32.0,32.0,32.0,32.0
03:50:00,31.0,31.0,31.0,31.0,31.0,31.0,31.0,31.0,31.0,31.0,31.0,31.0,31.0,32.0
03:51:00,30.0,30.0,30.0,30.0,30.0,30.0,30.0,30.0,30.0,30.0,30.0,30.0,30.0,30.0
03:52:00,29.0,29.0,29.0,29.0,29.0,29.0,29.0,29.0,29.0,29.0,29.0,29.0,29.0,29.0
03:53:00,28.0,28.0,28.0,28.0,28.0,28.0,28.0,28.0,28.0,28.0,28.0,28.0,28.0,28.0
03:54:00,27.0,27.0,27.0,27.0,27.0,27.0,27.0,27.0,27.0,27.0,27.0,27.0,27.0,27.0
03:55:00,26.0,26.0,26.0,26.0,26.0,26.0,26.0,26.0,26.0,26.0,26.0,26.0,26.0,27.0
03:56:00,25.0,25.0,25.0,25.0,25.0,25.0,25.0,25.0,25.0,25.0,25.0,25.0,25.0,25.0
03:57:00,24.0,24.0,24.0,24.0,24.0,24.0,24.0,24.0,24.0,24.0,24.0,24.0,24.0,24.0
03:58:00,23.0,23.0,23.0,23.0,23.0,23.0,23.0,23.0,23.0,23.0,23.0,23.0,23.0,23.0
03:59:00,22.0,22.0,22.0,22.0,22.0,22.0,22.0,22.0,22.0,22.0,22.0,22.0,22.0,23.0
04:00:00,21.0,21.0,21.0,21.0,21.0,21.0,21.0,21.0,21.0,21.0,21.0,21.0,21.0,21.0
04:01:00,20.0,20.0,20.0,20.0,20.0,20.0,20.0,20.0,20.0,20.0,20.0,20.0,20.0,20.0
04:02:00,19.0,19.0,19.0,19.0,19.0,19.0,19.0,19.0,19.0,19.0,19.0,19.0,19.0,19.0
04:03:00,18.0,18.0,18.0,18.0,18.0,18.0,18.0,18.0,18.0,18.0,18.0,18.0,18.0,18.0
04:04:00,17.0,17.0,17.0,17.0,17.0,17.0,17.0,17.0,17.0,17.0,17.0,17.0,17.0,17.0
04:05:00,16.0,16.0,16.0,16.0,16.0,16.0,16.0,16.0,16.0,16.0,16.0,16.0,16.0,16.0
04:06:00,15.0,15.0,15.0,15.0,15.0,15.0,15.0,15.0,15.0,15.0,15.0,15.0,15.0,15.0
04:07:00,14.0,14.0,14.0,14.0,14.0,14.0,14.0,14.0,14.0,14.0,14.0,14.0,14.0,14.0
04:08:00,13.0,13.0,13.0,13.0,13.0,13.0,13.0,13.0,13.0,13.0,13.0,13.0,13.0,13.0
04:09:00,12.0,12.0,12.0,12.0,12.0,12.0,12.0,12.0,12.0,12.0,12.0,12.0,12.0,12.0
04:10:00,11.0,11.0,11.0,11.0,11.0,11.0,11.0,11.0,11.0,11.0,11.0,11.0,11.0,11.0
04:11:00,10.0,10.0,10.0,10.0,10.0,10.0,10.0,10.0,10.0,10.0,10.0,11.0,10.0,11.0
04:12:00,9.0,10.0,9.0,10.0,9.0,10.0,10.0,9.0,9.0,10.0,9.0,10.0,9.0,9.0
04:13:00,9.0,10.0,9.0,9.0,9.0,10.0,10.0,9.0,9.0,9.0,9.0,10.0,10.0,9.0
04:14:00,7.0,7.0,7.0,7.0,7.0,7.0,10.0,7.0,9.0,9.0,9.0,8.0,9.0,8.0
04:15:00,6.0,6.0,6.0,6.0,6.0,6.0,9.0,6.0,6.0,9.0,6.0,6.0,6.0,7.0
04:16:00,5.0,5.0,5.0,6.0,5.0,5.0,7.0,5.0,5.0,9.0,6.0,5.0,6.0,6.0
04:17:00,4.0,4.0,4.0,5.0,4.0,4.0,6.0,4.0,4.0,6.0,6.0,4.0,5.0,4.0
04:18:00,3.0,3.0,3.0,4.0,3.0,3.0,5.0,3.0,3.0,5.0,7.0,3.0,4.0,4.0
04:19:00,2.0,2.0,2.0,4.0,3.0,2.0,4.0,2.0,3.0,4.0,6.0,2.0,2.0,3.0
04:20:00,0.0,0.0,0.0,2.0,2.0,0.0,3.0,0.0,2.0,4.0,6.0,1.0,1.0,2.0
04:21:00,15.0,15.0,15.0,0.0,0.0,0.0,2.0,15.0,1.0,2.0,6.0,0.0,0.0,0.0
04:22:00,14.0,14.0,14.0,14.0,14.0,14.0,0.0,14.0,14.0,3.0,7.0,14.0,14.0,15.0
04:23:00,13.0,13.0,13.0,13.0,13.0,13.0,13.0,13.0,13.0,2.0,7.0,13.0,13.0,13.0
04:24:00,12.0,12.0,12.0,12.0,12.0,12.0,12.0,12.0,12.0,0.0,6.0,12.0,12.0,13.0
04:25:00,11.0,11.0,11.0,11.0,11.0,11.0,11.0,11.0,11.0,11.0,5.0,11.0,11.0,11.0
04:26:00,10.0,10.0,10.0,10.0,10.0,10.0,10.0,10.0,10.0,10.0,4.0,10.0,10.0,10.0
04:27:00,9.0,9.0,10.0,10.0,10.0,10.0,10.0,10.0,10.0,10.0,4.0,9.0,10.0,9.0
04:28:00,8.0,8.0,9.0,9.0,9.0,9.0,9.0,9.0,9.0,9.0,3.0,9.0,9.0,9.0
04:29:00,7.0,7.0,7.0,7.0,7.0,7.0,7.0,7.0,7.0,7.0,1.0,8.0,7.0,7.0
04:30:00,6.0,6.0,6.0,6.0,6.0,6.0,6.0,6.0,6.0,6.0,0.0,6.0,6.0,7.0
04:31:00,5.0,5.0,5.0,5.0,5.0,5.0,5.0,5.0,5.0,5.0,5.0,5.0,5.0,6.0
04:32:00,4.0,4.0,4.0,4.0,4.0,4.0,4.0,4.0,4.0,4.0,4.0,4.0,4.0,4.0
04:33:00,3.0,3.0,3.0,3.0,3.0,3.0,3.0,3.0,3.0,3.0,3.0,3.0,4.0,4.0
04:34:00,2.0,2.0,2.0,2.0,2.0,2.0,2.0,2.0,2.0,2.0,2.0,2.0,3.0,2.0
04:35:00,0.0,0.0,0.0,0.0,0.0,0.0,1.0,1.0,1.0,1.0,1.0,1.0,2.0,1.0
04:36:00,15.0,15.0,15.0,15.0,15.0,15.0,0.0,0.0,0.0,0.0,0.0,0.0,0.0,0.0
04:37:00,14.0,14.0,14.0,14.0,14.0,14.0,14.0,14.0,14.0,14.0,14.0,14.0,14.0,14.0
04:38:00,13.0,13.0,13.0,13.0,13.0,13.0,13.0,13.0,13.0,13.0,13.0,14.0,13.0,13.0
04:39:00,12.0,12.0,12.0,12.0,12.0,12.0,12.0,12.0,12.0,12.0,12.0,13.0,12.0,12.0
04:40:00,11.0,11.0,11.0,11.0,11.0,11.0,11.0,11.0,11.0,11.0,11.0,12.0,11.0,11.0
04:41:00,10.0,10.0,10.0,10.0,10.0,10.0,10.0,10.0,10.0,10.0,10.0,10.0,11.0,11.0
04:42:00,9.0,9.0,9.0,9.0,9.0,9.0,9.0,9.0,9.0,9.0,9.0,9.0,9.0,10.0
04:43:00,9.0,8.0,8.0,9.0,8.0,8.0,8.0,9.0,8.0,8.0,8.0,8.0,8.0,8.0
04:44:00,7.0,7.0,7.0,7.0,7.0,7.0,7.0,9.0,7.0,7.0,7.0,8.0,7.0,8.0
04:45:00,6.0,6.0,6.0,6.0,6.0,6.0,6.0,6.0,6.0,6.0,6.0,6.0,6.0,7.0
04:46:00,5.0,5.0,5.0,5.0,5.0,5.0,5.0,5.0,5.0,5.0,5.0,5.0,5.0,6.0
04:47:00,4.0,4.0,4.0,4.0,4.0,4.0,4.0,4.0,4.0,4.0,4.0,4.0,4.0,5.0
04:48:00,3.0,3.0,3.0,3.0,3.0,3.0,3.0,4.0,3.0,3.0,3.0,3.0,3.0,4.0
04:49:00,2.0,2.0,2.0,3.0,3.0,2.0,2.0,2.0,2.0,2.0,2.0,2.0,2.0,3.0
04:50:00,0.0,0.0,0.0,2.0,3.0,0.0,1.0,1.0,1.0,1.0,1.0,2.0,1.0,2.0
04:51:00,15.0,15.0,0.0,1.0,3.0,15.0,0.0,0.0,0.0,0.0,0.0,0.0,0.0,0.0
04:52:00,14.0,14.0,14.0,14.0,3.0,14.0,14.0,14.0,14.0,14.0,14.0,15.0,0.0,14.0
04:53:00,13.0,13.0,13.0,13.0,3.0,13.0,13.0,13.0,13.0,13.0,13.0,13.0,13.0,14.0
04:54:00,12.0,12.0,12.0,12.0,3.0,12.0,12.0,12.0,12.0,12.0,12.0,13.0,12.0,13.0
04:55:00,11.0,11.0,11.0,11.0,3.0,11.0,11.0,11.0,11.0,11.0,11.0,11.0,11.0,11.0
04:56:00,10.0,10.0,10.0,10.0,3.0,10.0,10.0,10.0,10.0,10.0,10.0,10.0,10.0,11.0
04:57:00,9.0,9.0,9.0,9.0,3.0,9.0,10.0,9.0,9.0,9.0,9.0,10.0,9.0,9.0
04:58:00,8.0,10.0,9.0,8.0,2.0,8.0,9.0,8.0,10.0,8.0,8.0,8.0,8.0,9.0
04:59:00,7.0,10.0,8.0,7.0,1.0,7.0,7.0,7.0,7.0,7.0,7.0,7.0,7.0,7.0
05:00:00,6.0,9.0,7.0,6.0,0.0,6.0,6.0,6.0,6.0,6.0,6.0,6.0,6.0,7.0
05:01:00,5.0,9.0,5.0,5.0,5.0,5.0,5.0,5.0,5.0,5.0,5.0,5.0,5.0,6.0
05:02:00,4.0,6.0,5.0,5.0,4.0,4.0,4.0,4.0,4.0,5.0,4.0,4.0,4.0,4.0
05:03:00,3.0,5.0,4.0,4.0,3.0,3.0,3.0,3.0,3.0,4.0,3.0,4.0,3.0,3.0
05:04:00,2.0,4.0,2.0,2.0,2.0,2.0,2.0,2.0,2.0,4.0,2.0,2.0,2.0,2.0
05:05:00,0.0,3.0,1.0,1.0,0.0,0.0,1.0,1.0,1.0,3.0,1.0,1.0,1.0,1.0
05:06:00,15.0,2.0,0.0,0.0,0.0,0.0,0.0,0.0,0.0,2.0,0.0,0.0,0.0,0.0
05:07:00,14.0,0.0,14.0,14.0,14.0,14.0,14.0,14.0,14.0,3.0,14.0,15.0,14.0,14.0
05:08:00,13.0,13.0,13.0,13.0,13.0,13.0,13.0,13.0,13.0,2.0,13.0,13.0,13.0,14.0
05:09:00,12.0,12.0,12.0,12.0,12.0,12.0,12.0,12.0,12.0,2.0,12.0,12.0,12.0,13.0
05:10:00,11.0,11.0,11.0,11.0,11.0,11.0,11.0,11.0,11.0,1.0,11.0,11.0,11.0,11.0
05:11:00,10.0,10.0,10.0,10.0,10.0,10.0,10.0,10.0,10.0,10.0,10.0,10.0,10.0,10.0
05:12:00,9.0,10.0,9.0,9.0,9.0,9.0,9.0,9.0,9.0,9.0,9.0,10.0,9.0,10.0
05:13:00,8.0,8.0,9.0,8.0,8.0,8.0,8.0,8.0,8.0,9.0,8.0,8.0,9.0,9.0
05:14:00,7.0,7.0,7.0,8.0,7.0,7.0,7.0,10.0,7.0,9.0,7.0,7.0,7.0,8.0
05:15:00,6.0,6.0,6.0,10.0,6.0,6.0,6.0,10.0,6.0,6.0,6.0,6.0,6.0,7.0
05:16:00,5.0,5.0,5.0,6.0,5.0,5.0,5.0,8.0,5.0,7.0,6.0,5.0,5.0,5.0
05:17:00,4.0,4.0,4.0,6.0,4.0,4.0,4.0,6.0,4.0,6.0,4.0,4.0,4.0,4.0
05:18:00,3.0,3.0,3.0,4.0,3.0,3.0,3.0,5.0,3.0,7.0,3.0,3.0,3.0,4.0
05:19:00,2.0,2.0,2.0,4.0,2.0,2.0,2.0,5.0,2.0,6.0,2.0,2.0,2.0,2.0
05:20:00,0.0,1.0,0.0,2.0,0.0,0.0,1.0,4.0,1.0,6.0,1.0,1.0,1.0,1.0
05:21:00,15.0,0.0,0.0,1.0,15.0,15.0,15.0,2.0,0.0,5.0,0.0,0.0,0.0,0.0
05:22:00,14.0,14.0,14.0,0.0,14.0,14.0,14.0,1.0,14.0,4.0,14.0,15.0,15.0,14.0
05:23:00,13.0,13.0,13.0,13.0,13.0,13.0,13.0,0.0,13.0,3.0,13.0,13.0,13.0,13.0
05:24:00,12.0,12.0,12.0,12.0,12.0,12.0,12.0,12.0,12.0,3.0,12.0,12.0,12.0,12.0
05:25:00,11.0,11.0,11.0,11.0,11.0,11.0,11.0,11.0,11.0,2.0,12.0,12.0,11.0,11.0
05:26:00,10.0,10.0,10.0,10.0,10.0,10.0,10.0,10.0,10.0,2.0,10.0,10.0,11.0,10.0
05:27:00,9.0,9.0,9.0,9.0,9.0,9.0,9.0,9.0,9.0,0.0,10.0,10.0,9.0,10.0
05:28:00,8.0,8.0,8.0,8.0,8.0,8.0,8.0,8.0,8.0,0.0,9.0,10.0,9.0,8.0
05:29:00,7.0,7.0,7.0,7.0,7.0,7.0,7.0,7.0,7.0,8.0,7.0,9.0,9.0,8.0
05:30:00,6.0,6.0,6.0,6.0,6.0,6.0,6.0,6.0,6.0,8.0,7.0,9.0,9.0,7.0
05:31:00,5.0,5.0,5.0,5.0,5.0,5.0,5.0,5.0,5.0,8.0,6.0,9.0,9.0,6.0
05:32:00,4.0,4.0,4.0,4.0,4.0,4.0,4.0,4.0,4.0,8.0,4.0,9.0,7.0,5.0
05:33:00,2.0,3.0,3.0,3.0,3.0,3.0,3.0,3.0,3.0,9.0,4.0,8.0,6.0,4.0
05:34:00,2.0,2.0,2.0,2.0,2.0,2.0,2.0,2.0,2.0,9.0,2.0,7.0,5.0,3.0
05:35:00,0.0,0.0,0.0,0.0,0.0,0.0,1.0,1.0,1.0,6.0,1.0,6.0,4.0,2.0
05:36:00,15.0,15.0,15.0,15.0,15.0,15.0,0.0,0.0,0.0,5.0,0.0,5.0,3.0,1.0
05:37:00,14.0,14.0,14.0,14.0,14.0,14.0,14.0,14.0,14.0,4.0,14.0,4.0,2.0,14.0
05:38:00,13.0,13.0,13.0,13.0,13.0,13.0,13.0,13.0,13.0,4.0,13.0,3.0,0.0,14.0
05:39:00,12.0,12.0,12.0,12.0,12.0,12.0,12.0,12.0,12.0,3.0,12.0,2.0,13.0,13.0
05:40:00,11.0,11.0,11.0,11.0,11.0,11.0,11.0,11.0,11.0,2.0,11.0,1.0,11.0,11.0
05:41:00,10.0,10.0,10.0,10.0,10.0,10.0,10.0,10.0,10.0,2.0,10.0,11.0,10.0,11.0
05:42:00,9.0,9.0,10.0,9.0,9.0,10.0,9.0,9.0,9.0,0.0,9.0,9.0,9.0,9.0
05:43:00,8.0,8.0,9.0,8.0,9.0,9.0,8.0,8.0,10.0,10.0,8.0,9.0,9.0,8.0
05:44:00,7.0,7.0,7.0,7.0,7.0,7.0,7.0,7.0,9.0,9.0,9.0,7.0,9.0,8.0
05:45:00,6.0,6.0,7.0,6.0,6.0,6.0,6.0,6.0,9.0,6.0,9.0,7.0,7.0,6.0
05:46:00,5.0,5.0,6.0,5.0,5.0,5.0,5.0,5.0,6.0,6.0,9.0,6.0,5.0,6.0
05:47:00,4.0,4.0,5.0,4.0,4.0,4.0,4.0,4.0,5.0,5.0,6.0,6.0,4.0,5.0
05:48:00,2.0,3.0,3.0,3.0,3.0,3.0,3.0,3.0,4.0,4.0,5.0,7.0,4.0,4.0
05:49:00,2.0,2.0,2.0,2.0,2.0,2.0,2.0,2.0,3.0,3.0,4.0,6.0,2.0,2.0
05:50:00,0.0,0.0,1.0,0.0,0.0,0.0,0.0,0.0,2.0,2.0,3.0,5.0,2.0,1.0
05:51:00,15.0,15.0,0.0,0.0,15.0,15.0,0.0,15.0,0.0,2.0,2.0,3.0,0.0,0.0
05:52:00,14.0,14.0,14.0,14.0,14.0,14.0,14.0,14.0,14.0,1.0,1.0,2.0,15.0,14.0
05:53:00,13.0,13.0,13.0,13.0,13.0,13.0,13.0,13.0,13.0,0.0,0.0,1.0,14.0,14.0
05:54:00,12.0,12.0,12.0,12.0,12.0,12.0,12.0,12.0,12.0,12.0,12.0,0.0,12.0,12.0
05:55:00,11.0,11.0,11.0,11.0,11.0,11.0,11.0,11.0,11.0,11.0,11.0,11.0,11.0,12.0
05:56:00,10.0,10.0,10.0,10.0,10.0,10.0,10.0,10.0,10.0,10.0,10.0,11.0,10.0,10.0
05:57:00,9.0,10.0,9.0,9.0,9.0,9.0,9.0,9.0,9.0,9.0,9.0,9.0,10.0,9.0
05:58:00,8.0,9.0,8.0,8.0,8.0,8.0,10.0,8.0,8.0,8.0,10.0,10.0,9.0,8.0
05:59:00,7.0,7.0,7.0,8.0,7.0,7.0,9.0,7.0,10.0,10.0,7.0,10.0,8.0,7.0
06:00:00,6.0,6.0,7.0,9.0,6.0,6.0,7.0,6.0,9.0,10.0,6.0,10.0,6.0,6.0
06:01:00,5.0,5.0,5.0,9.0,5.0,6.0,6.0,6.0,6.0,10.0,5.0,9.0,6.0,6.0
06:02:00,4.0,4.0,4.0,6.0,4.0,5.0,5.0,6.0,6.0,9.0,4.0,7.0,5.0,4.0
06:03:00,3.0,3.0,3.0,5.0,3.0,4.0,5.0,5.0,5.0,6.0,3.0,6.0,4.0,3.0
06:04:00,2.0,2.0,2.0,5.0,2.0,3.0,4.0,4.0,4.0,7.0,2.0,5.0,3.0,2.0
06:05:00,0.0,1.0,0.0,4.0,0.0,3.0,2.0,3.0,3.0,5.0,1.0,4.0,2.0,1.0
06:06:00,15.0,0.0,15.0,2.0,15.0,2.0,1.0,3.0,3.0,4.0,0.0,2.0,0.0,0.0
06:07:00,14.0,14.0,14.0,2.0,14.0,0.0,0.0,3.0,3.0,3.0,14.0,1.0,15.0,14.0
06:08:00,13.0,13.0,13.0,0.0,13.0,13.0,13.0,2.0,3.0,2.0,13.0,0.0,13.0,13.0
06:09:00,12.0,12.0,12.0,12.0,12.0,12.0,12.0,0.0,2.0,1.0,12.0,12.0,12.0,12.0
06:10:00,11.0,11.0,11.0,11.0,11.0,11.0,11.0,11.0,2.0,0.0,11.0,12.0,12.0,11.0
06:11:00,10.0,10.0,10.0,10.0,10.0,10.0,10.0,10.0,2.0,10.0,11.0,10.0,11.0,10.0
06:12:00,9.0,10.0,9.0,10.0,9.0,9.0,9.0,10.0,0.0,10.0,10.0,9.0,9.0,10.0
06:13:00,8.0,9.0,8.0,9.0,8.0,8.0,8.0,9.0,9.0,8.0,9.0,9.0,9.0,9.0
06:14:00,7.0,7.0,7.0,7.0,7.0,7.0,7.0,7.0,7.0,7.0,7.0,9.0,7.0,7.0
06:15:00,6.0,6.0,6.0,6.0,6.0,6.0,6.0,6.0,6.0,6.0,6.0,9.0,6.0,6.0
06:16:00,5.0,5.0,5.0,5.0,5.0,5.0,5.0,5.0,5.0,5.0,5.0,7.0,6.0,6.0
06:17:00,4.0,4.0,4.0,4.0,4.0,4.0,4.0,4.0,4.0,4.0,4.0,6.0,5.0,5.0
06:18:00,3.0,3.0,3.0,3.0,3.0,4.0,3.0,3.0,3.0,3.0,3.0,5.0,4.0,4.0
06:19:00,2.0,2.0,1.0,2.0,2.0,2.0,2.0,2.0,2.0,2.0,2.0,4.0,3.0,3.0
06:20:00,0.0,0.0,0.0,0.0,0.0,1.0,1.0,0.0,1.0,1.0,1.0,3.0,2.0,2.0
06:21:00,0.0,15.0,15.0,15.0,15.0,0.0,0.0,15.0,0.0,0.0,0.0,2.0,1.0,0.0
06:22:00,14.0,14.0,14.0,14.0,14.0,14.0,14.0,14.0,14.0,14.0,14.0,0.0,15.0,14.0
06:23:00,13.0,13.0,13.0,13.0,13.0,13.0,13.0,13.0,13.0,13.0,13.0,13.0,13.0,13.0
06:24:00,12.0,12.0,12.0,12.0,12.0,12.0,12.0,12.0,12.0,12.0,12.0,12.0,13.0,13.0
06:25:00,11.0,11.0,11.0,11.0,11.0,11.0,11.0,11.0,11.0,11.0,11.0,12.0,12.0,12.0
06:26:00,10.0,10.0,10.0,10.0,10.0,10.0,10.0,10.0,10.0,10.0,10.0,11.0,11.0,11.0
06:27:00,9.0,10.0,10.0,10.0,10.0,10.0,9.0,9.0,9.0,10.0,9.0,9.0,9.0,10.0
06:28:00,8.0,9.0,8.0,9.0,9.0,9.0,9.0,9.0,8.0,9.0,8.0,9.0,9.0,9.0
06:29:00,7.0,7.0,7.0,7.0,7.0,7.0,9.0,7.0,7.0,7.0,7.0,7.0,8.0,8.0
06:30:00,6.0,6.0,6.0,7.0,7.0,6.0,9.0,6.0,6.0,7.0,6.0,6.0,7.0,7.0
06:31:00,5.0,5.0,5.0,6.0,6.0,6.0,9.0,5.0,5.0,6.0,6.0,5.0,6.0,6.0
06:32:00,4.0,4.0,4.0,5.0,5.0,5.0,6.0,4.0,4.0,5.0,4.0,4.0,5.0,5.0
06:33:00,3.0,3.0,3.0,3.0,3.0,4.0,6.0,3.0,3.0,4.0,3.0,3.0,3.0,3.0
06:34:00,2.0,2.0,2.0,2.0,2.0,2.0,5.0,2.0,2.0,3.0,2.0,2.0,2.0,2.0
06:35:00,0.0,0.0,1.0,0.0,1.0,2.0,4.0,1.0,1.0,2.0,1.0,0.0,1.0,1.0
06:36:00,15.0,15.0,0.0,15.0,0.0,0.0,3.0,0.0,0.0,1.0,0.0,15.0,0.0,0.0
06:37:00,14.0,14.0,14.0,14.0,14.0,14.0,2.0,14.0,14.0,0.0,14.0,14.0,14.0,14.0
06:38:00,13.0,13.0,13.0,13.0,13.0,13.0,0.0,13.0,13.0,13.0,13.0,13.0,14.0,14.0
06:39:00,12.0,12.0,12.0,12.0,12.0,12.0,12.0,12.0,12.0,12.0,12.0,12.0,12.0,12.0
06:40:00,11.0,11.0,11.0,11.0,11.0,11.0,11.0,11.0,11.0,11.0,11.0,11.0,11.0,11.0
06:41:00,10.0,10.0,10.0,10.0,10.0,10.0,10.0,10.0,10.0,10.0,11.0,11.0,11.0,10.0
06:42:00,9.0,9.0,9.0,10.0,10.0,10.0,9.0,9.0,10.0,9.0,10.0,9.0,9.0,9.0
06:43:00,10.0,8.0,8.0,9.0,10.0,9.0,8.0,8.0,9.0,8.0,10.0,9.0,9.0,8.0
06:44:00,10.0,7.0,7.0,9.0,10.0,7.0,10.0,7.0,7.0,7.0,10.0,8.0,7.0,8.0
06:45:00,10.0,6.0,6.0,7.0,9.0,6.0,10.0,6.0,6.0,7.0,9.0,7.0,6.0,7.0
06:46:00,9.0,5.0,5.0,6.0,7.0,5.0,10.0,5.0,5.0,6.0,8.0,5.0,5.0,5.0
06:47:00,9.0,4.0,4.0,6.0,6.0,4.0,9.0,4.0,4.0,5.0,6.0,5.0,5.0,4.0
06:48:00,6.0,3.0,3.0,4.0,5.0,4.0,6.0,3.0,3.0,4.0,5.0,4.0,4.0,4.0
06:49:00,5.0,2.0,2.0,3.0,4.0,2.0,5.0,2.0,2.0,3.0,5.0,2.0,2.0,3.0
06:50:00,4.0,0.0,0.0,2.0,3.0,1.0,4.0,1.0,0.0,2.0,3.0,1.0,1.0,3.0
06:51:00,3.0,0.0,15.0,0.0,2.0,0.0,3.0,0.0,0.0,0.0,2.0,0.0,0.0,3.0
06:52:00,2.0,14.0,14.0,14.0,1.0,14.0,2.0,14.0,14.0,14.0,1.0,15.0,15.0,3.0
06:53:00,0.0,13.0,13.0,13.0,0.0,13.0,0.0,13.0,13.0,13.0,0.0,13.0,13.0,3.0
06:54:00,12.0,12.0,12.0,12.0,12.0,12.0,12.0,12.0,12.0,12.0,13.0,13.0,13.0,2.0
06:55:00,11.0,11.0,11.0,11.0,11.0,11.0,11.0,11.0,11.0,11.0,11.0,11.0,11.0,1.0
06:56:00,10.0,10.0,10.0,10.0,10.0,10.0,10.0,10.0,10.0,10.0,11.0,10.0,10.0,0.0
06:57:00,9.0,9.0,9.0,10.0,9.0,10.0,10.0,9.0,10.0,9.0,9.0,9.0,10.0,10.0
06:58:00,8.0,8.0,8.0,9.0,8.0,10.0,10.0,8.0,10.0,8.0,9.0,9.0,8.0,9.0
06:59:00,7.0,7.0,7.0,7.0,7.0,10.0,9.0,7.0,10.0,7.0,10.0,9.0,8.0,7.0
07:00:00,6.0,6.0,6.0,7.0,6.0,9.0,6.0,6.0,10.0,6.0,9.0,6.0,9.0,7.0
07:01:00,5.0,5.0,5.0,6.0,5.0,6.0,6.0,5.0,10.0,5.0,7.0,6.0,7.0,6.0
07:02:00,4.0,4.0,4.0,4.0,4.0,6.0,5.0,4.0,9.0,4.0,6.0,5.0,6.0,5.0
07:03:00,3.0,3.0,3.0,3.0,3.0,5.0,4.0,3.0,9.0,3.0,5.0,4.0,5.0,4.0
07:04:00,2.0,2.0,2.0,2.0,2.0,4.0,3.0,2.0,6.0,2.0,4.0,2.0,4.0,2.0
07:05:00,0.0,0.0,1.0,0.0,0.0,3.0,2.0,1.0,5.0,0.0,3.0,2.0,3.0,1.0
07:06:00,15.0,0.0,0.0,0.0,0.0,2.0,0.0,0.0,4.0,0.0,2.0,0.0,2.0,0.0
07:07:00,14.0,14.0,14.0,14.0,14.0,0.0,14.0,14.0,3.0,14.0,0.0,15.0,0.0,15.0
07:08:00,13.0,13.0,13.0,13.0,13.0,13.0,13.0,13.0,2.0,13.0,13.0,14.0,14.0,14.0
07:09:00,12.0,12.0,12.0,12.0,12.0,12.0,12.0,12.0,1.0,12.0,12.0,12.0,12.0,13.0
07:10:00,11.0,11.0,11.0,11.0,11.0,11.0,11.0,11.0,0.0,11.0,11.0,11.0,12.0,12.0
07:11:00,10.0,10.0,10.0,10.0,10.0,10.0,10.0,10.0,10.0,10.0,10.0,11.0,11.0,10.0
07:12:00,9.0,9.0,9.0,9.0,9.0,9.0,9.0,9.0,9.0,9.0,10.0,10.0,10.0,10.0
07:13:00,8.0,8.0,8.0,8.0,8.0,8.0,8.0,8.0,10.0,8.0,10.0,9.0,8.0,
07:14:00,7.0,7.0,7.0,7.0,7.0,7.0,7.0,7.0,9.0,7.0,10.0,7.0,8.0,
07:15:00,6.0,6.0,6.0,6.0,6.0,6.0,6.0,6.0,6.0,6.0,10.0,6.0,8.0,
07:16:00,5.0,5.0,5.0,5.0,5.0,5.0,5.0,5.0,6.0,5.0,9.0,7.0,8.0,
07:17:00,4.0,4.0,4.0,4.0,4.0,4.0,4.0,4.0,5.0,4.0,6.0,6.0,8.0,
07:18:00,3.0,3.0,3.0,3.0,3.0,3.0,3.0,3.0,4.0,3.0,5.0,5.0,10.0,
07:19:00,2.0,2.0,2.0,2.0,2.0,2.0,2.0,2.0,3.0,2.0,4.0,5.0,9.0,
07:20:00,0.0,0.0,0.0,0.0,0.0,0.0,1.0,1.0,3.0,1.0,3.0,4.0,6.0,
07:21:00,0.0,15.0,15.0,15.0,15.0,15.0,0.0,0.0,2.0,0.0,2.0,3.0,6.0,
07:22:00,14.0,14.0,14.0,14.0,14.0,14.0,14.0,14.0,0.0,14.0,1.0,3.0,5.0,
07:23:00,13.0,13.0,13.0,13.0,13.0,13.0,13.0,13.0,0.0,13.0,0.0,2.0,4.0,
07:24:00,12.0,12.0,12.0,12.0,12.0,12.0,12.0,12.0,12.0,12.0,12.0,2.0,3.0,
07:25:00,11.0,11.0,11.0,11.0,11.0,11.0,11.0,11.0,11.0,11.0,11.0,1.0,2.0,
07:26:00,10.0,10.0,10.0,10.0,10.0,10.0,10.0,10.0,10.0,10.0,11.0,0.0,0.0,
07:27:00,9.0,10.0,9.0,10.0,9.0,9.0,9.0,9.0,9.0,10.0,10.0,0.0,0.0,
07:28:00,8.0,9.0,8.0,9.0,8.0,8.0,8.0,8.0,9.0,9.0,9.0,10.0,8.0,
07:29:00,7.0,7.0,7.0,7.0,7.0,7.0,7.0,7.0,7.0,7.0,7.0,9.0,8.0,
07:30:00,6.0,6.0,6.0,6.0,6.0,6.0,6.0,6.0,6.0,6.0,6.0,9.0,8.0,
07:31:00,5.0,5.0,5.0,5.0,5.0,5.0,5.0,5.0,5.0,5.0,5.0,9.0,8.0,
07:32:00,4.0,4.0,4.0,4.0,4.0,4.0,4.0,4.0,4.0,4.0,4.0,7.0,8.0,
07:33:00,3.0,3.0,3.0,3.0,3.0,3.0,3.0,3.0,3.0,3.0,3.0,6.0,8.0,
07:34:00,2.0,2.0,2.0,2.0,2.0,2.0,2.0,2.0,2.0,2.0,2.0,5.0,8.0,
07:35:00,0.0,0.0,0.0,0.0,0.0,0.0,0.0,0.0,1.0,1.0,1.0,3.0,10.0,
07:36:00,15.0,0.0,15.0,15.0,15.0,15.0,15.0,15.0,0.0,0.0,0.0,3.0,9.0,
07:37:00,14.0,14.0,14.0,14.0,14.0,14.0,14.0,14.0,14.0,14.0,14.0,2.0,6.0,
07:38:00,13.0,13.0,13.0,13.0,13.0,13.0,13.0,13.0,13.0,13.0,13.0,0.0,5.0,
07:39:00,12.0,12.0,12.0,12.0,12.0,12.0,12.0,12.0,12.0,12.0,12.0,13.0,4.0,
07:40:00,11.0,11.0,11.0,11.0,11.0,11.0,11.0,11.0,11.0,11.0,11.0,11.0,4.0,
07:41:00,10.0,10.0,10.0,10.0,10.0,10.0,10.0,10.0,10.0,10.0,10.0,11.0,3.0,
07:42:00,9.0,9.0,9.0,9.0,9.0,9.0,9.0,9.0,9.0,10.0,9.0,9.0,2.0,
07:43:00,8.0,8.0,8.0,8.0,8.0,8.0,8.0,10.0,10.0,10.0,9.0,8.0,0.0,
07:44:00,9.0,7.0,7.0,7.0,7.0,8.0,7.0,9.0,9.0,10.0,7.0,7.0,8.0,
07:45:00,9.0,6.0,6.0,7.0,6.0,10.0,6.0,6.0,9.0,9.0,6.0,6.0,8.0,
07:46:00,6.0,5.0,5.0,6.0,5.0,9.0,5.0,6.0,7.0,7.0,6.0,6.0,9.0,
07:47:00,5.0,4.0,4.0,5.0,4.0,6.0,4.0,5.0,5.0,6.0,5.0,4.0,9.0,
07:48:00,4.0,3.0,3.0,3.0,3.0,5.0,3.0,4.0,5.0,5.0,4.0,4.0,6.0,
07:49:00,3.0,2.0,2.0,2.0,2.0,4.0,2.0,3.0,3.0,4.0,3.0,2.0,6.0,
07:50:00,2.0,0.0,0.0,0.0,0.0,3.0,0.0,2.0,3.0,2.0,3.0,1.0,5.0,
07:51:00,1.0,15.0,15.0,0.0,15.0,2.0,15.0,2.0,2.0,1.0,2.0,0.0,4.0,
07:52:00,0.0,14.0,14.0,14.0,14.0,1.0,14.0,0.0,0.0,0.0,0.0,14.0,3.0,
07:53:00,13.0,13.0,13.0,13.0,13.0,0.0,13.0,13.0,13.0,13.0,0.0,13.0,2.0,
07:54:00,12.0,12.0,12.0,12.0,12.0,12.0,12.0,12.0,0.0,12.0,12.0,12.0,0.0,
07:55:00,11.0,11.0,11.0,11.0,11.0,11.0,11.0,11.0,0.0,11.0,11.0,11.0,11.0,
07:56:00,10.0,10.0,10.0,10.0,10.0,10.0,10.0,10.0,0.0,10.0,10.0,10.0,10.0,
07:57:00,9.0,9.0,10.0,9.0,9.0,9.0,9.0,9.0,0.0,10.0,10.0,9.0,10.0,
07:58:00,8.0,8.0,9.0,8.0,8.0,8.0,8.0,8.0,0.0,8.0,9.0,10.0,9.0,
07:59:00,7.0,7.0,7.0,7.0,7.0,7.0,8.0,7.0,0.0,7.0,7.0,9.0,7.0,
08:00:00,6.0,6.0,6.0,6.0,6.0,6.0,9.0,6.0,8.0,6.0,6.0,6.0,6.0,
08:01:00,5.0,5.0,5.0,5.0,5.0,5.0,8.0,5.0,8.0,5.0,5.0,6.0,6.0,
08:02:00,4.0,4.0,4.0,4.0,4.0,4.0,6.0,4.0,8.0,4.0,4.0,5.0,4.0,
08:03:00,3.0,3.0,3.0,3.0,3.0,3.0,6.0,3.0,10.0,3.0,3.0,4.0,3.0,
08:04:00,2.0,2.0,3.0,2.0,2.0,2.0,5.0,2.0,9.0,2.0,2.0,3.0,2.0,
08:05:00,0.0,1.0,3.0,0.0,0.0,0.0,4.0,1.0,6.0,1.0,1.0,2.0,1.0,
08:06:00,15.0,0.0,3.0,15.0,15.0,15.0,2.0,0.0,5.0,0.0,0.0,0.0,0.0,
08:07:00,14.0,14.0,3.0,14.0,14.0,14.0,1.0,14.0,4.0,14.0,14.0,14.0,14.0,
08:08:00,13.0,13.0,2.0,13.0,13.0,13.0,0.0,13.0,4.0,13.0,13.0,13.0,13.0,
08:09:00,12.0,12.0,1.0,12.0,12.0,12.0,12.0,12.0,3.0,12.0,12.0,12.0,13.0,
08:10:00,11.0,11.0,0.0,11.0,11.0,11.0,11.0,11.0,3.0,12.0,11.0,11.0,11.0,
08:11:00,10.0,10.0,10.0,10.0,10.0,10.0,10.0,10.0,3.0,10.0,10.0,11.0,10.0,
08:12:00,9.0,9.0,9.0,9.0,9.0,9.0,9.0,9.0,2.0,10.0,9.0,9.0,10.0,
08:13:00,8.0,10.0,9.0,8.0,10.0,10.0,10.0,10.0,3.0,9.0,8.0,9.0,9.0,
08:14:00,7.0,9.0,8.0,8.0,9.0,9.0,9.0,9.0,3.0,7.0,7.0,9.0,9.0,
08:15:00,6.0,7.0,7.0,8.0,6.0,7.0,7.0,6.0,3.0,7.0,7.0,7.0,6.0,
08:16:00,5.0,6.0,6.0,8.0,6.0,6.0,6.0,6.0,3.0,6.0,6.0,7.0,5.0,
08:17:00,4.0,5.0,5.0,8.0,5.0,5.0,5.0,5.0,2.0,5.0,4.0,6.0,4.0,
08:18:00,2.0,4.0,4.0,8.0,4.0,4.0,4.0,4.0,0.0,4.0,4.0,5.0,3.0,
08:19:00,2.0,2.0,2.0,8.0,3.0,3.0,3.0,2.0,4.0,2.0,2.0,4.0,3.0,
08:20:00,0.0,2.0,1.0,8.0,2.0,2.0,2.0,2.0,3.0,1.0,1.0,2.0,2.0,
08:21:00,15.0,0.0,0.0,9.0,0.0,0.0,0.0,0.0,2.0,0.0,0.0,1.0,0.0,
08:22:00,14.0,14.0,14.0,10.0,14.0,0.0,0.0,14.0,1.0,14.0,14.0,0.0,15.0,
08:23:00,13.0,13.0,13.0,8.0,13.0,13.0,13.0,13.0,0.0,13.0,13.0,13.0,13.0,
08:24:00,12.0,12.0,12.0,8.0,12.0,12.0,12.0,12.0,12.0,12.0,12.0,13.0,13.0,
08:25:00,11.0,11.0,11.0,8.0,11.0,11.0,11.0,11.0,11.0,11.0,11.0,11.0,12.0,
08:26:00,10.0,10.0,10.0,8.0,10.0,10.0,10.0,10.0,10.0,10.0,10.0,11.0,11.0,
08:27:00,9.0,9.0,10.0,8.0,9.0,10.0,9.0,9.0,9.0,9.0,9.0,10.0,9.0,
08:28:00,8.0,8.0,9.0,8.0,8.0,9.0,8.0,8.0,8.0,8.0,8.0,10.0,8.0,
08:29:00,7.0,7.0,7.0,7.0,7.0,7.0,7.0,7.0,7.0,7.0,7.0,9.0,8.0,
08:30:00,6.0,6.0,6.0,6.0,6.0,6.0,6.0,6.0,6.0,6.0,6.0,6.0,6.0,
08:31:00,5.0,5.0,6.0,5.0,5.0,5.0,5.0,5.0,5.0,5.0,5.0,7.0,5.0,
08:32:00,4.0,4.0,5.0,5.0,4.0,4.0,4.0,4.0,4.0,4.0,4.0,7.0,4.0,
08:33:00,3.0,3.0,4.0,3.0,3.0,3.0,3.0,3.0,3.0,3.0,3.0,6.0,3.0,
08:34:00,2.0,2.0,3.0,2.0,2.0,2.0,2.0,2.0,2.0,2.0,2.0,5.0,2.0,
08:35:00,0.0,0.0,2.0,0.0,0.0,0.0,1.0,2.0,1.0,16.0,1.0,4.0,1.0,
08:36:00,15.0,0.0,2.0,0.0,0.0,0.0,0.0,0.0,0.0,16.0,0.0,3.0,0.0,
08:37:00,14.0,14.0,0.0,14.0,14.0,14.0,14.0,14.0,14.0,14.0,14.0,2.0,14.0,
08:38:00,13.0,13.0,13.0,13.0,13.0,13.0,13.0,13.0,13.0,13.0,13.0,0.0,14.0,
08:39:00,12.0,12.0,12.0,12.0,12.0,12.0,12.0,12.0,12.0,13.0,12.0,12.0,13.0,
08:40:00,11.0,11.0,11.0,11.0,11.0,11.0,11.0,11.0,11.0,11.0,11.0,12.0,12.0,
08:41:00,10.0,10.0,10.0,10.0,10.0,10.0,10.0,10.0,10.0,10.0,11.0,11.0,10.0,
08:42:00,9.0,9.0,10.0,9.0,9.0,9.0,10.0,9.0,9.0,9.0,9.0,10.0,10.0,
08:43:00,8.0,8.0,10.0,9.0,8.0,8.0,9.0,8.0,8.0,8.0,8.0,9.0,9.0,
08:44:00,7.0,7.0,10.0,7.0,7.0,7.0,12.0,7.0,7.0,7.0,7.0,10.0,8.0,
08:45:00,6.0,6.0,9.0,7.0,6.0,6.0,11.0,6.0,6.0,7.0,6.0,9.0,7.0,
08:46:00,5.0,5.0,8.0,6.0,5.0,5.0,10.0,5.0,6.0,6.0,6.0,7.0,6.0,
08:47:00,4.0,4.0,8.0,5.0,4.0,4.0,9.0,4.0,5.0,4.0,4.0,6.0,5.0,
08:48:00,3.0,3.0,8.0,3.0,3.0,3.0,6.0,3.0,4.0,3.0,3.0,5.0,3.0,
08:49:00,2.0,2.0,8.0,2.0,2.0,2.0,17.0,2.0,3.0,2.0,2.0,4.0,3.0,
08:50:00,0.0,0.0,7.0,1.0,0.0,0.0,16.0,1.0,1.0,1.0,1.0,3.0,2.0,
08:51:00,15.0,15.0,6.0,0.0,15.0,0.0,15.0,0.0,0.0,0.0,0.0,2.0,0.0,
08:52:00,14.0,14.0,5.0,38.0,14.0,14.0,3.0,14.0,14.0,14.0,14.0,0.0,0.0,
08:53:00,13.0,13.0,4.0,37.0,13.0,13.0,2.0,13.0,13.0,13.0,13.0,13.0,14.0,
08:54:00,12.0,12.0,3.0,37.0,12.0,12.0,0.0,12.0,12.0,12.0,12.0,12.0,12.0,
08:55:00,11.0,11.0,2.0,37.0,11.0,11.0,0.0,11.0,11.0,11.0,11.0,12.0,12.0,
08:56:00,10.0,10.0,0.0,37.0,10.0,10.0,10.0,10.0,10.0,10.0,11.0,10.0,11.0,
08:57:00,9.0,10.0,10.0,35.0,9.0,9.0,10.0,9.0,10.0,10.0,9.0,10.0,10.0,
08:58:00,8.0,9.0,10.0,34.0,8.0,10.0,9.0,10.0,9.0,8.0,8.0,9.0,10.0,
08:59:00,7.0,7.0,7.0,33.0,7.0,9.0,7.0,10.0,7.0,7.0,7.0,7.0,10.0,
09:00:00,6.0,6.0,7.0,6.0,6.0,7.0,6.0,10.0,6.0,6.0,6.0,7.0,9.0,
09:01:00,5.0,5.0,6.0,7.0,5.0,6.0,5.0,10.0,5.0,5.0,5.0,5.0,6.0,
09:02:00,4.0,4.0,5.0,6.0,4.0,5.0,4.0,10.0,4.0,4.0,4.0,4.0,6.0,
09:03:00,3.0,3.0,4.0,4.0,3.0,4.0,3.0,10.0,3.0,3.0,4.0,4.0,5.0,
09:04:00,2.0,2.0,2.0,3.0,2.0,3.0,2.0,10.0,2.0,2.0,2.0,2.0,4.0,
09:05:00,0.0,0.0,1.0,2.0,1.0,2.0,0.0,9.0,1.0,1.0,1.0,1.0,2.0,
09:06:00,15.0,0.0,0.0,1.0,0.0,1.0,15.0,6.0,0.0,0.0,0.0,0.0,1.0,
09:07:00,14.0,14.0,14.0,0.0,14.0,0.0,14.0,5.0,14.0,14.0,14.0,15.0,0.0,
09:08:00,13.0,13.0,13.0,26.0,13.0,13.0,13.0,4.0,13.0,13.0,13.0,14.0,14.0,
09:09:00,12.0,12.0,12.0,12.0,12.0,12.0,12.0,3.0,12.0,12.0,12.0,12.0,12.0,
09:10:00,11.0,11.0,11.0,11.0,11.0,11.0,11.0,2.0,11.0,11.0,11.0,11.0,12.0,
09:11:00,10.0,10.0,10.0,10.0,10.0,10.0,10.0,1.0,10.0,10.0,11.0,10.0,11.0,
09:12:00,9.0,10.0,10.0,9.0,9.0,9.0,9.0,0.0,9.0,9.0,10.0,9.0,9.0,
09:13:00,9.0,9.0,9.0,8.0,8.0,8.0,8.0,10.0,9.0,8.0,9.0,8.0,9.0,
09:14:00,8.0,7.0,8.0,7.0,7.0,7.0,7.0,10.0,7.0,10.0,7.0,7.0,7.0,
09:15:00,6.0,6.0,8.0,7.0,6.0,6.0,6.0,10.0,6.0,9.0,6.0,6.0,6.0,
09:16:00,5.0,5.0,8.0,6.0,5.0,5.0,5.0,10.0,5.0,7.0,6.0,5.0,6.0,
09:17:00,4.0,4.0,8.0,4.0,4.0,4.0,4.0,10.0,4.0,7.0,4.0,4.0,4.0,
09:18:00,3.0,3.0,8.0,3.0,3.0,3.0,3.0,9.0,3.0,6.0,3.0,3.0,3.0,
09:19:00,2.0,2.0,7.0,2.0,2.0,2.0,2.0,6.0,2.0,4.0,2.0,2.0,2.0,
09:20:00,0.0,0.0,6.0,1.0,1.0,0.0,1.0,5.0,2.0,3.0,1.0,1.0,1.0,
09:21:00,0.0,0.0,5.0,15.0,0.0,0.0,0.0,5.0,0.0,2.0,0.0,0.0,0.0,
09:22:00,14.0,14.0,4.0,14.0,14.0,14.0,14.0,4.0,14.0,0.0,14.0,14.0,14.0,
09:23:00,13.0,13.0,3.0,13.0,13.0,13.0,13.0,2.0,13.0,13.0,13.0,13.0,13.0,
09:24:00,12.0,12.0,2.0,12.0,12.0,12.0,12.0,1.0,12.0,12.0,12.0,13.0,12.0,
09:25:00,11.0,11.0,0.0,11.0,11.0,11.0,11.0,0.0,11.0,11.0,11.0,12.0,12.0,
09:26:00,10.0,10.0,10.0,10.0,10.0,10.0,10.0,10.0,10.0,10.0,11.0,11.0,11.0,
09:27:00,9.0,9.0,9.0,10.0,9.0,9.0,9.0,10.0,9.0,9.0,9.0,9.0,10.0,
09:28:00,8.0,8.0,8.0,10.0,8.0,8.0,8.0,9.0,8.0,8.0,9.0,9.0,9.0,
09:29:00,7.0,10.0,7.0,9.0,7.0,7.0,7.0,8.0,7.0,8.0,7.0,10.0,7.0,
09:30:00,6.0,9.0,6.0,6.0,6.0,6.0,6.0,8.0,6.0,10.0,6.0,10.0,6.0,
09:31:00,5.0,6.0,5.0,6.0,5.0,5.0,5.0,8.0,5.0,9.0,5.0,10.0,5.0,
09:32:00,4.0,5.0,4.0,5.0,4.0,4.0,4.0,6.0,4.0,7.0,5.0,9.0,4.0,
09:33:00,3.0,4.0,3.0,4.0,3.0,3.0,3.0,6.0,3.0,6.0,4.0,7.0,3.0,
09:34:00,2.0,3.0,2.0,2.0,2.0,2.0,2.0,5.0,2.0,5.0,2.0,6.0,2.0,
09:35:00,0.0,2.0,0.0,1.0,0.0,0.0,0.0,4.0,0.0,4.0,1.0,5.0,1.0,
09:36:00,15.0,1.0,15.0,0.0,15.0,15.0,15.0,2.0,0.0,3.0,0.0,4.0,0.0,
09:37:00,14.0,0.0,14.0,14.0,14.0,14.0,14.0,1.0,14.0,2.0,14.0,2.0,15.0,
09:38:00,13.0,13.0,13.0,13.0,13.0,13.0,13.0,0.0,13.0,0.0,13.0,1.0,13.0,
09:39:00,12.0,12.0,12.0,12.0,12.0,12.0,12.0,12.0,12.0,12.0,12.0,0.0,12.0,
09:40:00,11.0,11.0,11.0,11.0,11.0,11.0,11.0,11.0,11.0,11.0,11.0,12.0,12.0,
09:41:00,10.0,10.0,10.0,10.0,10.0,10.0,10.0,10.0,10.0,10.0,11.0,10.0,10.0,
09:42:00,9.0,9.0,9.0,10.0,9.0,9.0,9.0,9.0,9.0,9.0,10.0,9.0,9.0,
09:43:00,9.0,10.0,8.0,9.0,8.0,8.0,10.0,8.0,8.0,8.0,9.0,9.0,8.0,
09:44:00,7.0,9.0,7.0,7.0,7.0,7.0,9.0,8.0,9.0,9.0,7.0,7.0,8.0,
09:45:00,6.0,7.0,6.0,7.0,6.0,6.0,7.0,10.0,7.0,8.0,7.0,6.0,8.0,
09:46:00,5.0,5.0,5.0,6.0,5.0,5.0,5.0,9.0,6.0,7.0,6.0,5.0,8.0,
09:47:00,4.0,4.0,4.0,5.0,4.0,4.0,5.0,6.0,5.0,6.0,5.0,4.0,10.0,
09:48:00,3.0,3.0,3.0,3.0,3.0,3.0,4.0,5.0,4.0,5.0,4.0,3.0,9.0,
09:49:00,2.0,2.0,2.0,2.0,2.0,2.0,3.0,4.0,2.0,4.0,3.0,2.0,6.0,
09:50:00,0.0,1.0,0.0,1.0,0.0,0.0,2.0,3.0,2.0,2.0,2.0,1.0,6.0,
09:51:00,15.0,0.0,0.0,0.0,15.0,0.0,0.0,2.0,0.0,2.0,0.0,0.0,5.0,
09:52:00,14.0,14.0,14.0,14.0,14.0,14.0,14.0,1.0,14.0,0.0,14.0,14.0,4.0,
09:53:00,13.0,13.0,13.0,13.0,13.0,13.0,13.0,0.0,13.0,13.0,13.0,14.0,3.0,
09:54:00,12.0,12.0,12.0,12.0,12.0,12.0,12.0,12.0,12.0,12.0,13.0,12.0,2.0,
09:55:00,11.0,11.0,11.0,11.0,11.0,11.0,11.0,11.0,11.0,11.0,11.0,11.0,0.0,
09:56:00,10.0,10.0,10.0,10.0,10.0,10.0,10.0,10.0,10.0,10.0,11.0,10.0,10.0,
09:57:00,9.0,9.0,9.0,9.0,9.0,9.0,9.0,9.0,9.0,10.0,9.0,10.0,10.0,
09:58:00,8.0,8.0,8.0,8.0,8.0,9.0,8.0,10.0,9.0,10.0,8.0,10.0,8.0,
09:59:00,7.0,7.0,7.0,7.0,7.0,10.0,7.0,9.0,7.0,10.0,7.0,10.0,10.0,
10:00:00,6.0,6.0,6.0,6.0,6.0,10.0,6.0,6.0,6.0,10.0,6.0,10.0,9.0,
10:01:00,5.0,5.0,5.0,5.0,5.0,9.0,5.0,6.0,6.0,10.0,5.0,9.0,6.0,
10:02:00,4.0,4.0,4.0,4.0,4.0,6.0,4.0,5.0,6.0,10.0,4.0,7.0,5.0,
10:03:00,3.0,3.0,3.0,3.0,3.0,6.0,3.0,4.0,6.0,9.0,3.0,6.0,4.0,
10:04:00,2.0,2.0,2.0,3.0,2.0,5.0,2.0,3.0,6.0,7.0,2.0,5.0,3.0,
10:05:00,0.0,1.0,0.0,3.0,0.0,4.0,1.0,2.0,5.0,6.0,1.0,4.0,2.0,
10:06:00,0.0,0.0,15.0,3.0,0.0,3.0,0.0,1.0,4.0,5.0,0.0,3.0,1.0,
10:07:00,14.0,14.0,14.0,2.0,14.0,1.0,14.0,0.0,3.0,4.0,14.0,2.0,0.0,
10:08:00,13.0,13.0,13.0,0.0,13.0,0.0,13.0,13.0,2.0,2.0,13.0,0.0,13.0,
10:09:00,12.0,12.0,12.0,0.0,12.0,12.0,12.0,12.0,1.0,1.0,12.0,13.0,13.0,
10:10:00,11.0,11.0,11.0,0.0,11.0,11.0,11.0,11.0,11.0,0.0,11.0,11.0,12.0,
10:11:00,10.0,10.0,10.0,0.0,10.0,10.0,10.0,10.0,10.0,10.0,11.0,11.0,11.0,
10:12:00,9.0,9.0,9.0,9.0,9.0,9.0,9.0,10.0,10.0,9.0,9.0,10.0,10.0,
10:13:00,8.0,8.0,8.0,9.0,10.0,10.0,10.0,9.0,9.0,9.0,8.0,9.0,8.0,
10:14:00,7.0,9.0,7.0,7.0,10.0,9.0,9.0,7.0,7.0,9.0,7.0,10.0,7.0,
10:15:00,6.0,9.0,6.0,7.0,9.0,6.0,6.0,6.0,6.0,7.0,6.0,10.0,7.0,
10:16:00,5.0,6.0,5.0,6.0,6.0,5.0,6.0,5.0,6.0,6.0,6.0,7.0,5.0,
10:17:00,4.0,5.0,4.0,5.0,6.0,4.0,5.0,4.0,6.0,5.0,4.0,7.0,4.0,
10:18:00,3.0,4.0,3.0,4.0,5.0,3.0,4.0,3.0,5.0,4.0,3.0,6.0,3.0,
10:19:00,2.0,3.0,3.0,3.0,4.0,2.0,3.0,2.0,5.0,2.0,2.0,5.0,2.0,
10:20:00,0.0,2.0,2.0,2.0,3.0,1.0,2.0,1.0,4.0,1.0,1.0,4.0,1.0,
10:21:00,15.0,1.0,1.0,1.0,2.0,0.0,0.0,0.0,2.0,0.0,0.0,2.0,0.0,
10:22:00,14.0,14.0,0.0,0.0,1.0,14.0,0.0,14.0,0.0,14.0,15.0,1.0,15.0,
10:23:00,13.0,13.0,13.0,13.0,0.0,13.0,13.0,13.0,13.0,13.0,13.0,0.0,13.0,
10:24:00,12.0,12.0,12.0,12.0,12.0,12.0,12.0,12.0,12.0,12.0,12.0,12.0,12.0,
10:25:00,11.0,11.0,11.0,11.0,11.0,11.0,11.0,11.0,11.0,11.0,11.0,12.0,12.0,
10:26:00,10.0,10.0,10.0,10.0,10.0,10.0,10.0,10.0,10.0,10.0,10.0,11.0,10.0,
10:27:00,9.0,9.0,9.0,9.0,10.0,9.0,9.0,9.0,10.0,9.0,9.0,10.0,9.0,
10:28:00,8.0,9.0,8.0,8.0,10.0,8.0,8.0,8.0,8.0,9.0,8.0,9.0,8.0,
10:29:00,7.0,7.0,7.0,8.0,9.0,7.0,7.0,7.0,7.0,7.0,10.0,9.0,7.0,
10:30:00,6.0,6.0,6.0,8.0,6.0,6.0,6.0,6.0,6.0,7.0,9.0,6.0,6.0,
10:31:00,5.0,5.0,5.0,8.0,6.0,5.0,5.0,5.0,6.0,6.0,6.0,6.0,6.0,
10:32:00,4.0,4.0,4.0,8.0,5.0,4.0,4.0,4.0,5.0,5.0,6.0,6.0,4.0,
10:33:00,3.0,3.0,2.0,8.0,4.0,3.0,3.0,3.0,3.0,4.0,5.0,4.0,4.0,
10:34:00,2.0,2.0,1.0,8.0,3.0,2.0,2.0,2.0,2.0,2.0,4.0,3.0,2.0,
10:35:00,0.0,0.0,0.0,10.0,2.0,0.0,1.0,1.0,1.0,1.0,3.0,2.0,1.0,
10:36:00,0.0,0.0,15.0,9.0,0.0,15.0,0.0,0.0,0.0,0.0,2.0,1.0,0.0,
10:37:00,14.0,14.0,14.0,6.0,14.0,14.0,14.0,14.0,14.0,14.0,0.0,15.0,15.0,
10:38:00,13.0,13.0,13.0,7.0,13.0,13.0,13.0,13.0,13.0,13.0,13.0,13.0,13.0,
10:39:00,12.0,12.0,12.0,5.0,12.0,12.0,12.0,12.0,12.0,12.0,12.0,12.0,13.0,
10:40:00,11.0,11.0,11.0,4.0,11.0,11.0,11.0,11.0,11.0,11.0,11.0,11.0,12.0,
10:41:00,10.0,10.0,10.0,2.0,10.0,10.0,10.0,10.0,10.0,10.0,10.0,11.0,10.0,
10:42:00,9.0,9.0,9.0,1.0,9.0,9.0,9.0,9.0,9.0,9.0,9.0,10.0,10.0,
10:43:00,8.0,8.0,8.0,0.0,8.0,8.0,8.0,8.0,8.0,8.0,10.0,9.0,8.0,
10:44:00,7.0,7.0,7.0,8.0,7.0,7.0,7.0,7.0,7.0,10.0,10.0,7.0,7.0,
10:45:00,6.0,6.0,6.0,8.0,6.0,6.0,6.0,6.0,6.0,10.0,9.0,7.0,6.0,
10:46:00,5.0,5.0,5.0,8.0,5.0,5.0,5.0,5.0,6.0,10.0,6.0,5.0,5.0,
10:47:00,4.0,4.0,4.0,8.0,4.0,4.0,4.0,4.0,6.0,10.0,5.0,5.0,4.0,
10:48:00,3.0,3.0,3.0,8.0,3.0,3.0,3.0,3.0,6.0,9.0,4.0,3.0,4.0,
10:49:00,3.0,2.0,2.0,8.0,2.0,2.0,2.0,2.0,6.0,7.0,3.0,2.0,2.0,
10:50:00,2.0,1.0,1.0,10.0,0.0,1.0,1.0,1.0,5.0,6.0,2.0,1.0,1.0,
10:51:00,2.0,0.0,0.0,9.0,15.0,0.0,0.0,0.0,4.0,5.0,1.0,0.0,0.0,
10:52:00,0.0,14.0,14.0,8.0,14.0,14.0,14.0,14.0,2.0,4.0,0.0,15.0,14.0,
10:53:00,0.0,13.0,13.0,10.0,13.0,13.0,13.0,13.0,1.0,2.0,13.0,14.0,13.0,
10:54:00,12.0,12.0,12.0,10.0,12.0,12.0,12.0,12.0,0.0,1.0,12.0,13.0,13.0,
10:55:00,11.0,11.0,11.0,9.0,11.0,11.0,11.0,11.0,11.0,0.0,11.0,12.0,12.0,
10:56:00,10.0,10.0,10.0,8.0,10.0,10.0,10.0,10.0,10.0,10.0,10.0,11.0,11.0,
10:57:00,9.0,9.0,9.0,7.0,9.0,9.0,10.0,9.0,9.0,9.0,10.0,10.0,9.0,
10:58:00,8.0,8.0,8.0,6.0,8.0,8.0,9.0,8.0,8.0,8.0,10.0,9.0,10.0,
10:59:00,8.0,10.0,7.0,7.0,7.0,7.0,7.0,7.0,10.0,7.0,9.0,8.0,9.0,
11:00:00,8.0,9.0,6.0,6.0,6.0,6.0,6.0,6.0,9.0,7.0,10.0,6.0,6.0,
11:01:00,8.0,7.0,5.0,4.0,5.0,5.0,5.0,5.0,7.0,6.0,10.0,6.0,6.0,
11:02:00,8.0,5.0,4.0,4.0,4.0,4.0,4.0,4.0,6.0,5.0,10.0,5.0,4.0,
11:03:00,8.0,4.0,3.0,2.0,3.0,3.0,3.0,3.0,6.0,3.0,10.0,4.0,4.0,
11:04:00,8.0,4.0,2.0,1.0,2.0,2.0,2.0,2.0,5.0,2.0,10.0,2.0,3.0,
11:05:00,8.0,2.0,0.0,7.0,0.0,0.0,1.0,1.0,4.0,1.0,7.0,2.0,1.0,
11:06:00,8.0,1.0,15.0,6.0,15.0,15.0,0.0,0.0,3.0,0.0,7.0,0.0,0.0,
11:07:00,8.0,0.0,14.0,5.0,14.0,14.0,14.0,14.0,2.0,14.0,6.0,14.0,14.0,
11:08:00,8.0,13.0,13.0,3.0,13.0,13.0,13.0,13.0,0.0,13.0,5.0,14.0,14.0,
11:09:00,8.0,12.0,12.0,2.0,12.0,12.0,12.0,12.0,12.0,12.0,4.0,12.0,13.0,
11:10:00,8.0,11.0,11.0,1.0,11.0,11.0,11.0,11.0,11.0,11.0,3.0,11.0,12.0,
11:11:00,8.0,10.0,10.0,0.0,10.0,10.0,10.0,10.0,10.0,10.0,2.0,10.0,10.0,
11:12:00,8.0,10.0,9.0,10.0,9.0,9.0,9.0,10.0,9.0,9.0,0.0,9.0,10.0,
11:13:00,8.0,10.0,8.0,9.0,8.0,8.0,8.0,10.0,8.0,8.0,8.0,8.0,8.0,
11:14:00,8.0,9.0,7.0,7.0,7.0,7.0,7.0,9.0,7.0,7.0,7.0,8.0,8.0,
11:15:00,10.0,7.0,6.0,7.0,6.0,6.0,6.0,6.0,6.0,7.0,6.0,6.0,7.0,
11:16:00,8.0,6.0,5.0,5.0,5.0,5.0,5.0,6.0,5.0,6.0,6.0,5.0,6.0,
11:17:00,8.0,5.0,4.0,4.0,4.0,4.0,4.0,4.0,4.0,5.0,4.0,4.0,5.0,
11:18:00,8.0,4.0,3.0,3.0,3.0,3.0,3.0,3.0,3.0,3.0,3.0,3.0,4.0,
11:19:00,8.0,2.0,2.0,2.0,2.0,2.0,2.0,2.0,2.0,2.0,2.0,2.0,2.0,
11:20:00,8.0,2.0,0.0,1.0,0.0,0.0,0.0,1.0,1.0,1.0,1.0,1.0,1.0,
11:21:00,8.0,0.0,15.0,0.0,15.0,15.0,15.0,0.0,0.0,0.0,0.0,0.0,0.0,
11:22:00,8.0,14.0,14.0,14.0,14.0,14.0,14.0,14.0,14.0,14.0,14.0,15.0,14.0,
11:23:00,8.0,13.0,13.0,13.0,13.0,13.0,13.0,13.0,13.0,13.0,13.0,14.0,14.0,
11:24:00,8.0,12.0,12.0,12.0,12.0,12.0,12.0,12.0,12.0,12.0,12.0,13.0,12.0,
11:25:00,8.0,11.0,11.0,11.0,11.0,11.0,11.0,11.0,11.0,11.0,11.0,12.0,11.0,
11:26:00,8.0,10.0,10.0,10.0,10.0,10.0,10.0,10.0,10.0,10.0,11.0,11.0,11.0,
11:27:00,9.0,9.0,9.0,9.0,9.0,9.0,9.0,9.0,9.0,9.0,9.0,9.0,9.0,
11:28:00,8.0,8.0,8.0,8.0,8.0,8.0,8.0,8.0,8.0,8.0,8.0,9.0,8.0,
11:29:00,8.0,7.0,7.0,8.0,7.0,7.0,7.0,7.0,7.0,7.0,7.0,8.0,7.0,
11:30:00,9.0,6.0,6.0,8.0,6.0,7.0,6.0,6.0,6.0,6.0,6.0,6.0,6.0,
11:31:00,8.0,5.0,5.0,8.0,5.0,6.0,5.0,5.0,5.0,5.0,5.0,6.0,5.0,
11:32:00,8.0,4.0,4.0,10.0,4.0,5.0,4.0,4.0,4.0,4.0,4.0,4.0,4.0,
11:33:00,8.0,3.0,3.0,10.0,3.0,4.0,3.0,3.0,3.0,3.0,3.0,3.0,3.0,
11:34:00,8.0,2.0,1.0,9.0,1.0,2.0,2.0,2.0,2.0,2.0,2.0,2.0,2.0,
11:35:00,16.0,0.0,0.0,9.0,0.0,1.0,1.0,0.0,1.0,1.0,0.0,1.0,2.0,
11:36:00,15.0,15.0,15.0,7.0,15.0,0.0,0.0,15.0,0.0,0.0,16.0,0.0,0.0,
11:37:00,14.0,14.0,14.0,6.0,14.0,14.0,14.0,14.0,14.0,14.0,14.0,14.0,14.0,
11:38:00,13.0,13.0,13.0,5.0,13.0,13.0,13.0,13.0,13.0,13.0,13.0,14.0,14.0,
11:39:00,12.0,12.0,12.0,4.0,12.0,12.0,12.0,12.0,12.0,12.0,12.0,12.0,13.0,
11:40:00,11.0,11.0,11.0,2.0,11.0,11.0,11.0,11.0,11.0,11.0,11.0,11.0,12.0,
11:41:00,10.0,10.0,10.0,1.0,10.0,10.0,10.0,10.0,10.0,10.0,10.0,10.0,10.0,
11:42:00,9.0,9.0,9.0,0.0,10.0,9.0,10.0,9.0,9.0,9.0,9.0,9.0,9.0,
11:43:00,9.0,8.0,8.0,10.0,9.0,8.0,9.0,8.0,9.0,8.0,10.0,8.0,8.0,
11:44:00,8.0,7.0,7.0,8.0,7.0,7.0,7.0,7.0,7.0,7.0,9.0,7.0,8.0,
11:45:00,8.0,6.0,6.0,7.0,6.0,6.0,6.0,6.0,6.0,7.0,7.0,6.0,7.0,
11:46:00,8.0,5.0,5.0,6.0,5.0,5.0,5.0,5.0,5.0,6.0,6.0,5.0,5.0,
11:47:00,8.0,4.0,4.0,5.0,4.0,4.0,4.0,4.0,4.0,5.0,5.0,5.0,5.0,
11:48:00,8.0,4.0,3.0,4.0,3.0,3.0,3.0,3.0,4.0,4.0,4.0,3.0,3.0,
11:49:00,11.0,4.0,2.0,3.0,2.0,2.0,2.0,2.0,2.0,2.0,3.0,2.0,2.0,
11:50:00,8.0,3.0,0.0,2.0,1.0,1.0,1.0,1.0,1.0,1.0,2.0,1.0,1.0,
11:51:00,8.0,2.0,15.0,0.0,0.0,0.0,0.0,0.0,0.0,0.0,1.0,0.0,0.0,
11:52:00,8.0,0.0,14.0,14.0,14.0,15.0,14.0,14.0,14.0,14.0,14.0,14.0,14.0,
11:53:00,8.0,13.0,13.0,13.0,13.0,13.0,13.0,13.0,13.0,13.0,13.0,13.0,14.0,
11:54:00,8.0,12.0,12.0,12.0,12.0,13.0,12.0,12.0,12.0,12.0,12.0,12.0,13.0,
11:55:00,26.0,11.0,11.0,11.0,11.0,11.0,11.0,11.0,11.0,11.0,11.0,12.0,11.0,
11:56:00,40.0,10.0,10.0,10.0,10.0,10.0,10.0,10.0,10.0,10.0,10.0,10.0,11.0,
11:57:00,39.0,9.0,9.0,9.0,10.0,9.0,10.0,9.0,9.0,9.0,9.0,10.0,9.0,
11:58:00,38.0,8.0,8.0,8.0,9.0,8.0,9.0,8.0,8.0,8.0,8.0,9.0,8.0,
11:59:00,37.0,7.0,7.0,7.0,7.0,7.0,7.0,7.0,10.0,7.0,7.0,8.0,8.0,
12:00:00,36.0,6.0,6.0,6.0,6.0,6.0,6.0,6.0,10.0,7.0,6.0,7.0,6.0,
12:01:00,35.0,5.0,5.0,5.0,5.0,6.0,5.0,5.0,9.0,6.0,5.0,6.0,6.0,
12:02:00,34.0,4.0,4.0,4.0,4.0,5.0,4.0,4.0,6.0,5.0,4.0,4.0,5.0,
12:03:00,33.0,3.0,3.0,3.0,3.0,4.0,3.0,3.0,6.0,3.0,3.0,4.0,3.0,
12:04:00,32.0,2.0,2.0,2.0,2.0,3.0,2.0,2.0,5.0,2.0,2.0,2.0,2.0,
12:05:00,31.0,1.0,0.0,0.0,1.0,3.0,1.0,1.0,4.0,1.0,1.0,1.0,1.0,
12:06:00,30.0,0.0,15.0,15.0,0.0,3.0,0.0,0.0,2.0,0.0,0.0,0.0,0.0,
12:07:00,29.0,14.0,14.0,14.0,14.0,3.0,14.0,14.0,1.0,14.0,14.0,14.0,14.0,
12:08:00,28.0,13.0,13.0,13.0,13.0,2.0,13.0,13.0,0.0,13.0,13.0,13.0,13.0,
12:09:00,27.0,12.0,12.0,12.0,12.0,0.0,12.0,12.0,12.0,12.0,12.0,12.0,12.0,
12:10:00,26.0,11.0,11.0,11.0,11.0,11.0,11.0,11.0,11.0,11.0,11.0,11.0,11.0,
12:11:00,25.0,10.0,10.0,10.0,10.0,10.0,10.0,10.0,10.0,10.0,10.0,10.0,11.0,
12:12:00,24.0,10.0,10.0,9.0,9.0,9.0,9.0,10.0,9.0,9.0,9.0,10.0,10.0,
12:13:00,23.0,9.0,9.0,8.0,8.0,8.0,8.0,10.0,8.0,8.0,8.0,8.0,9.0,
12:14:00,22.0,10.0,10.0,7.0,7.0,7.0,7.0,7.0,8.0,7.0,7.0,7.0,7.0,
12:15:00,21.0,7.0,9.0,6.0,6.0,6.0,6.0,6.0,10.0,6.0,6.0,6.0,7.0,
12:16:00,20.0,6.0,8.0,5.0,5.0,5.0,5.0,5.0,9.0,5.0,5.0,6.0,6.0,
12:17:00,19.0,5.0,8.0,4.0,4.0,4.0,4.0,4.0,7.0,5.0,4.0,4.0,5.0,
12:18:00,18.0,4.0,8.0,3.0,3.0,3.0,3.0,3.0,6.0,3.0,3.0,3.0,4.0,
12:19:00,17.0,3.0,8.0,2.0,2.0,2.0,2.0,3.0,5.0,2.0,2.0,2.0,3.0,
12:20:00,16.0,2.0,7.0,0.0,1.0,0.0,1.0,2.0,4.0,1.0,1.0,2.0,2.0,
12:21:00,15.0,0.0,6.0,15.0,0.0,0.0,0.0,0.0,3.0,0.0,0.0,0.0,0.0,
12:22:00,14.0,14.0,5.0,14.0,14.0,14.0,14.0,14.0,2.0,14.0,14.0,14.0,0.0,
12:23:00,13.0,13.0,4.0,13.0,13.0,13.0,13.0,13.0,0.0,13.0,14.0,14.0,13.0,
12:24:00,12.0,12.0,3.0,12.0,12.0,12.0,12.0,12.0,12.0,12.0,12.0,12.0,13.0,
12:25:00,11.0,11.0,2.0,11.0,11.0,11.0,11.0,11.0,11.0,11.0,11.0,11.0,12.0,
12:26:00,10.0,10.0,0.0,10.0,10.0,10.0,10.0,10.0,10.0,10.0,10.0,10.0,10.0,
12:27:00,9.0,9.0,10.0,9.0,9.0,10.0,9.0,10.0,9.0,9.0,10.0,9.0,9.0,
12:28:00,10.0,8.0,9.0,10.0,8.0,9.0,8.0,9.0,8.0,8.0,9.0,8.0,8.0,
12:29:00,9.0,7.0,7.0,7.0,7.0,7.0,7.0,7.0,7.0,7.0,7.0,7.0,7.0,
12:30:00,6.0,6.0,6.0,7.0,6.0,6.0,6.0,6.0,6.0,6.0,6.0,7.0,6.0,
12:31:00,5.0,5.0,5.0,6.0,5.0,5.0,5.0,5.0,6.0,5.0,5.0,6.0,6.0,
12:32:00,4.0,4.0,4.0,5.0,4.0,4.0,4.0,4.0,5.0,4.0,4.0,5.0,4.0,
12:33:00,3.0,3.0,4.0,4.0,3.0,3.0,3.0,3.0,4.0,3.0,3.0,4.0,3.0,
12:34:00,2.0,2.0,2.0,2.0,2.0,2.0,2.0,2.0,3.0,2.0,2.0,3.0,2.0,
12:35:00,1.0,1.0,1.0,1.0,0.0,1.0,1.0,1.0,2.0,1.0,1.0,2.0,1.0,
12:36:00,15.0,15.0,0.0,0.0,15.0,0.0,0.0,0.0,1.0,0.0,0.0,0.0,0.0,
12:37:00,14.0,14.0,14.0,14.0,14.0,14.0,14.0,14.0,0.0,14.0,14.0,14.0,14.0,
12:38:00,13.0,13.0,13.0,13.0,13.0,13.0,13.0,13.0,13.0,13.0,13.0,14.0,13.0,
12:39:00,12.0,12.0,12.0,12.0,12.0,12.0,12.0,12.0,12.0,12.0,12.0,13.0,13.0,
12:40:00,11.0,11.0,11.0,11.0,11.0,11.0,11.0,11.0,11.0,11.0,11.0,12.0,12.0,
12:41:00,10.0,10.0,10.0,10.0,10.0,10.0,10.0,10.0,10.0,10.0,11.0,11.0,10.0,
12:42:00,9.0,9.0,9.0,9.0,9.0,9.0,9.0,10.0,10.0,9.0,9.0,9.0,9.0,
12:43:00,8.0,8.0,8.0,8.0,8.0,9.0,8.0,9.0,9.0,9.0,8.0,9.0,9.0,
12:44:00,7.0,7.0,7.0,7.0,7.0,7.0,7.0,7.0,7.0,7.0,7.0,7.0,7.0,
12:45:00,6.0,6.0,6.0,6.0,6.0,6.0,6.0,6.0,6.0,7.0,6.0,7.0,6.0,
12:46:00,5.0,5.0,5.0,5.0,5.0,5.0,5.0,5.0,6.0,6.0,6.0,5.0,6.0,
12:47:00,4.0,4.0,4.0,4.0,4.0,4.0,4.0,4.0,5.0,5.0,4.0,4.0,4.0,
12:48:00,3.0,3.0,3.0,3.0,3.0,3.0,3.0,3.0,4.0,3.0,3.0,3.0,4.0,
12:49:00,1.0,2.0,2.0,2.0,2.0,2.0,2.0,2.0,3.0,2.0,2.0,2.0,2.0,
12:50:00,0.0,0.0,0.0,1.0,0.0,0.0,1.0,1.0,2.0,1.0,1.0,1.0,1.0,
12:51:00,15.0,15.0,15.0,0.0,15.0,15.0,0.0,0.0,0.0,0.0,0.0,0.0,0.0,
12:52:00,14.0,14.0,14.0,14.0,14.0,14.0,14.0,14.0,14.0,14.0,14.0,15.0,14.0,
12:53:00,13.0,13.0,13.0,13.0,13.0,13.0,13.0,13.0,13.0,13.0,13.0,13.0,13.0,
12:54:00,12.0,12.0,12.0,12.0,12.0,12.0,12.0,12.0,12.0,12.0,12.0,13.0,12.0,
12:55:00,11.0,11.0,11.0,11.0,11.0,11.0,11.0,11.0,11.0,11.0,11.0,12.0,12.0,
12:56:00,10.0,10.0,10.0,10.0,10.0,10.0,10.0,10.0,10.0,10.0,11.0,10.0,10.0,
12:57:00,9.0,9.0,9.0,9.0,9.0,9.0,9.0,9.0,9.0,10.0,9.0,9.0,9.0,
12:58:00,8.0,8.0,8.0,8.0,8.0,8.0,8.0,8.0,8.0,9.0,8.0,9.0,8.0,
12:59:00,7.0,7.0,7.0,7.0,7.0,7.0,7.0,7.0,7.0,7.0,7.0,7.0,8.0,
13:00:00,6.0,6.0,6.0,7.0,6.0,6.0,6.0,6.0,6.0,7.0,6.0,6.0,6.0,
13:01:00,5.0,5.0,5.0,6.0,5.0,5.0,6.0,5.0,5.0,6.0,5.0,6.0,5.0,
13:02:00,4.0,4.0,4.0,5.0,4.0,4.0,5.0,4.0,4.0,4.0,4.0,4.0,5.0,
13:03:00,3.0,3.0,3.0,3.0,3.0,3.0,4.0,3.0,3.0,3.0,3.0,4.0,3.0,
13:04:00,2.0,2.0,2.0,2.0,2.0,2.0,3.0,2.0,2.0,2.0,2.0,2.0,2.0,
13:05:00,0.0,0.0,0.0,0.0,1.0,0.0,2.0,0.0,1.0,1.0,1.0,1.0,2.0,
13:06:00,15.0,15.0,15.0,0.0,0.0,15.0,0.0,0.0,15.0,0.0,0.0,0.0,0.0,
13:07:00,14.0,14.0,14.0,14.0,14.0,14.0,0.0,14.0,14.0,14.0,14.0,14.0,15.0,
13:08:00,13.0,13.0,13.0,13.0,13.0,13.0,13.0,13.0,13.0,13.0,13.0,13.0,14.0,
13:09:00,12.0,12.0,12.0,12.0,12.0,12.0,12.0,12.0,12.0,12.0,12.0,12.0,12.0,
13:10:00,11.0,11.0,11.0,11.0,11.0,11.0,11.0,11.0,11.0,11.0,11.0,12.0,11.0,
13:11:00,10.0,10.0,10.0,10.0,10.0,10.0,10.0,10.0,10.0,10.0,11.0,11.0,10.0,
13:12:00,9.0,10.0,9.0,9.0,10.0,9.0,10.0,9.0,9.0,9.0,9.0,10.0,9.0,
13:13:00,8.0,9.0,8.0,8.0,10.0,8.0,9.0,8.0,10.0,9.0,8.0,8.0,8.0,
13:14:00,7.0,7.0,7.0,7.0,9.0,7.0,7.0,8.0,9.0,7.0,7.0,8.0,7.0,
13:15:00,6.0,6.0,6.0,7.0,6.0,6.0,6.0,8.0,6.0,6.0,6.0,6.0,6.0,
13:16:00,5.0,5.0,5.0,6.0,5.0,5.0,5.0,8.0,5.0,5.0,5.0,6.0,5.0,
13:17:00,4.0,4.0,4.0,4.0,4.0,4.0,4.0,10.0,4.0,4.0,4.0,5.0,4.0,
13:18:00,3.0,3.0,3.0,3.0,3.0,3.0,3.0,10.0,3.0,3.0,3.0,4.0,3.0,
13:19:00,2.0,2.0,2.0,2.0,2.0,2.0,2.0,9.0,2.0,2.0,2.0,3.0,2.0,
13:20:00,0.0,0.0,0.0,0.0,0.0,1.0,1.0,9.0,1.0,1.0,1.0,2.0,2.0,
13:21:00,15.0,15.0,15.0,15.0,15.0,0.0,0.0,9.0,0.0,0.0,0.0,0.0,0.0,
13:22:00,14.0,14.0,14.0,14.0,14.0,14.0,14.0,6.0,14.0,14.0,14.0,14.0,15.0,
13:23:00,13.0,13.0,13.0,13.0,13.0,13.0,13.0,5.0,13.0,13.0,13.0,13.0,13.0,
13:24:00,12.0,12.0,12.0,12.0,12.0,12.0,12.0,4.0,12.0,12.0,12.0,13.0,12.0,
13:25:00,11.0,11.0,11.0,11.0,11.0,11.0,11.0,4.0,11.0,11.0,11.0,12.0,12.0,
13:26:00,10.0,10.0,10.0,10.0,10.0,10.0,10.0,4.0,10.0,10.0,11.0,10.0,10.0,
13:27:00,9.0,10.0,9.0,9.0,9.0,9.0,9.0,3.0,9.0,9.0,9.0,10.0,10.0,
13:28:00,8.0,9.0,8.0,10.0,8.0,8.0,8.0,2.0,8.0,10.0,8.0,8.0,8.0,
13:29:00,7.0,7.0,7.0,9.0,7.0,7.0,10.0,1.0,7.0,9.0,7.0,8.0,8.0,
13:30:00,6.0,6.0,6.0,7.0,6.0,6.0,9.0,0.0,6.0,7.0,6.0,7.0,6.0,
13:31:00,5.0,5.0,5.0,7.0,5.0,5.0,6.0,5.0,5.0,6.0,5.0,5.0,6.0,
13:32:00,4.0,4.0,4.0,6.0,4.0,4.0,5.0,4.0,4.0,5.0,4.0,4.0,4.0,
13:33:00,3.0,3.0,3.0,4.0,3.0,3.0,4.0,3.0,3.0,4.0,4.0,4.0,4.0,
13:34:00,2.0,2.0,2.0,3.0,2.0,2.0,3.0,2.0,2.0,3.0,2.0,2.0,2.0,
13:35:00,0.0,1.0,1.0,2.0,1.0,0.0,2.0,1.0,2.0,2.0,1.0,2.0,1.0,
13:36:00,15.0,0.0,0.0,1.0,0.0,0.0,1.0,0.0,0.0,0.0,0.0,0.0,0.0,
13:37:00,14.0,14.0,14.0,0.0,14.0,14.0,0.0,14.0,14.0,0.0,14.0,0.0,15.0,
13:38:00,13.0,13.0,13.0,13.0,13.0,13.0,13.0,13.0,13.0,13.0,13.0,0.0,14.0,
13:39:00,12.0,12.0,12.0,12.0,12.0,12.0,12.0,12.0,12.0,12.0,12.0,0.0,12.0,
13:40:00,11.0,11.0,11.0,11.0,11.0,11.0,11.0,11.0,11.0,12.0,11.0,0.0,11.0,
13:41:00,10.0,10.0,10.0,10.0,10.0,10.0,10.0,10.0,10.0,10.0,11.0,0.0,10.0,
13:42:00,9.0,9.0,9.0,9.0,9.0,9.0,10.0,9.0,10.0,10.0,9.0,0.0,9.0,
13:43:00,8.0,10.0,8.0,8.0,8.0,8.0,10.0,8.0,9.0,9.0,8.0,0.0,8.0,
13:44:00,7.0,9.0,7.0,7.0,7.0,7.0,9.0,7.0,7.0,10.0,7.0,0.0,7.0,
13:45:00,6.0,9.0,6.0,7.0,6.0,6.0,9.0,6.0,6.0,9.0,6.0,0.0,6.0,
13:46:00,5.0,6.0,5.0,6.0,5.0,5.0,9.0,5.0,5.0,6.0,6.0,0.0,5.0,
13:47:00,4.0,6.0,4.0,4.0,4.0,4.0,7.0,4.0,4.0,7.0,5.0,5.0,4.0,
13:48:00,3.0,5.0,3.0,3.0,3.0,3.0,6.0,3.0,3.0,6.0,4.0,4.0,3.0,
13:49:00,2.0,4.0,2.0,2.0,2.0,2.0,5.0,2.0,2.0,4.0,3.0,3.0,2.0,
13:50:00,0.0,2.0,0.0,0.0,0.0,0.0,4.0,1.0,1.0,3.0,2.0,3.0,1.0,
13:51:00,15.0,1.0,0.0,15.0,15.0,0.0,2.0,0.0,0.0,2.0,0.0,3.0,0.0,
13:52:00,14.0,0.0,14.0,14.0,14.0,14.0,1.0,14.0,14.0,1.0,14.0,3.0,15.0,
13:53:00,13.0,13.0,13.0,13.0,13.0,13.0,0.0,13.0,13.0,0.0,13.0,3.0,14.0,
13:54:00,12.0,12.0,12.0,12.0,12.0,12.0,12.0,12.0,12.0,12.0,12.0,3.0,12.0,
13:55:00,11.0,11.0,11.0,11.0,11.0,11.0,11.0,11.0,11.0,11.0,11.0,3.0,11.0,
13:56:00,10.0,10.0,10.0,10.0,10.0,10.0,10.0,10.0,10.0,10.0,10.0,3.0,10.0,
13:57:00,9.0,9.0,9.0,10.0,9.0,9.0,9.0,9.0,9.0,9.0,9.0,3.0,10.0,
13:58:00,8.0,8.0,8.0,9.0,8.0,8.0,10.0,8.0,8.0,8.0,8.0,3.0,10.0,
13:59:00,7.0,7.0,7.0,7.0,7.0,7.0,10.0,7.0,7.0,7.0,7.0,3.0,9.0,
14:00:00,6.0,6.0,6.0,7.0,6.0,6.0,9.0,6.0,6.0,7.0,6.0,3.0,7.0,
14:01:00,5.0,5.0,5.0,6.0,5.0,5.0,9.0,5.0,5.0,6.0,5.0,2.0,6.0,
14:02:00,4.0,4.0,4.0,4.0,4.0,4.0,8.0,4.0,4.0,5.0,4.0,1.0,5.0,
14:03:00,3.0,3.0,3.0,3.0,3.0,3.0,6.0,3.0,3.0,4.0,3.0,0.0,4.0,
14:04:00,2.0,2.0,2.0,2.0,2.0,2.0,5.0,2.0,2.0,3.0,2.0,9.0,3.0,
14:05:00,0.0,0.0,0.0,1.0,0.0,1.0,4.0,0.0,1.0,1.0,1.0,7.0,2.0,
14:06:00,0.0,15.0,15.0,0.0,0.0,0.0,3.0,0.0,0.0,0.0,0.0,6.0,1.0,
14:07:00,14.0,14.0,14.0,14.0,14.0,14.0,2.0,14.0,14.0,14.0,14.0,5.0,0.0,
14:08:00,13.0,13.0,13.0,13.0,13.0,13.0,1.0,13.0,13.0,13.0,14.0,4.0,13.0,
14:09:00,12.0,12.0,12.0,12.0,12.0,12.0,0.0,12.0,12.0,12.0,12.0,3.0,12.0,
14:10:00,11.0,11.0,11.0,11.0,11.0,11.0,11.0,11.0,11.0,11.0,11.0,2.0,12.0,
14:11:00,10.0,10.0,10.0,10.0,10.0,10.0,10.0,10.0,10.0,10.0,10.0,0.0,10.0,
14:12:00,9.0,9.0,9.0,9.0,10.0,10.0,9.0,9.0,9.0,10.0,9.0,9.0,9.0,
14:13:00,9.0,8.0,8.0,8.0,10.0,10.0,8.0,8.0,10.0,8.0,10.0,9.0,9.0,
14:14:00,8.0,7.0,7.0,7.0,7.0,9.0,9.0,8.0,9.0,7.0,9.0,7.0,7.0,
14:15:00,6.0,6.0,6.0,7.0,6.0,9.0,9.0,9.0,7.0,6.0,6.0,6.0,6.0,
14:16:00,5.0,5.0,5.0,6.0,5.0,6.0,7.0,6.0,6.0,5.0,6.0,5.0,6.0,
14:17:00,4.0,4.0,4.0,5.0,4.0,5.0,6.0,5.0,5.0,4.0,5.0,5.0,4.0,
14:18:00,3.0,3.0,3.0,4.0,3.0,4.0,6.0,4.0,4.0,3.0,4.0,3.0,3.0,
14:19:00,2.0,2.0,2.0,3.0,2.0,4.0,5.0,3.0,3.0,2.0,2.0,2.0,3.0,
14:20:00,1.0,1.0,1.0,2.0,2.0,2.0,4.0,2.0,2.0,1.0,1.0,1.0,0.0,
14:21:00,0.0,0.0,15.0,1.0,0.0,2.0,3.0,2.0,1.0,0.0,0.0,0.0,0.0,
14:22:00,14.0,14.0,14.0,0.0,14.0,0.0,2.0,0.0,14.0,14.0,14.0,15.0,15.0,
14:23:00,13.0,13.0,13.0,13.0,13.0,13.0,0.0,13.0,13.0,14.0,13.0,14.0,14.0,
14:24:00,12.0,12.0,12.0,12.0,12.0,12.0,12.0,12.0,12.0,12.0,12.0,12.0,12.0,
14:25:00,11.0,11.0,11.0,11.0,11.0,11.0,11.0,11.0,11.0,11.0,11.0,11.0,11.0,
14:26:00,10.0,10.0,10.0,10.0,10.0,10.0,10.0,10.0,10.0,10.0,11.0,11.0,10.0,
14:27:00,9.0,10.0,9.0,9.0,9.0,9.0,9.0,9.0,9.0,9.0,9.0,9.0,10.0,
14:28:00,8.0,9.0,9.0,8.0,8.0,8.0,10.0,8.0,8.0,8.0,8.0,23.0,9.0,
14:29:00,7.0,7.0,7.0,7.0,7.0,8.0,9.0,7.0,7.0,10.0,7.0,23.0,7.0,
14:30:00,6.0,6.0,6.0,7.0,6.0,8.0,6.0,6.0,6.0,9.0,6.0,21.0,7.0,
14:31:00,5.0,5.0,5.0,6.0,5.0,12.0,5.0,5.0,5.0,7.0,5.0,21.0,5.0,
14:32:00,4.0,4.0,5.0,4.0,4.0,6.0,4.0,4.0,4.0,6.0,4.0,19.0,5.0,
14:33:00,3.0,3.0,3.0,3.0,3.0,5.0,3.0,3.0,3.0,5.0,3.0,19.0,4.0,
14:34:00,2.0,2.0,2.0,2.0,2.0,4.0,3.0,2.0,2.0,4.0,2.0,18.0,3.0,
14:35:00,0.0,0.0,1.0,1.0,1.0,3.0,2.0,1.0,1.0,2.0,1.0,16.0,2.0,
14:36:00,15.0,15.0,0.0,0.0,0.0,2.0,0.0,0.0,0.0,1.0,0.0,15.0,0.0,
14:37:00,14.0,14.0,14.0,14.0,14.0,1.0,14.0,14.0,14.0,0.0,14.0,14.0,15.0,
14:38:00,13.0,13.0,13.0,13.0,13.0,13.0,13.0,13.0,13.0,13.0,13.0,13.0,13.0,
14:39:00,12.0,12.0,12.0,12.0,12.0,12.0,12.0,12.0,12.0,12.0,12.0,12.0,13.0,
14:40:00,11.0,11.0,11.0,11.0,11.0,11.0,11.0,11.0,11.0,11.0,11.0,12.0,11.0,
14:41:00,10.0,10.0,10.0,10.0,10.0,10.0,10.0,10.0,10.0,10.0,10.0,11.0,10.0,
14:42:00,9.0,9.0,9.0,9.0,9.0,10.0,10.0,9.0,9.0,9.0,9.0,9.0,10.0,
14:43:00,8.0,8.0,8.0,8.0,8.0,10.0,10.0,8.0,8.0,8.0,8.0,9.0,8.0,
14:44:00,7.0,7.0,7.0,7.0,7.0,7.0,7.0,7.0,7.0,7.0,7.0,7.0,8.0,
14:45:00,6.0,6.0,6.0,6.0,6.0,6.0,6.0,6.0,6.0,7.0,6.0,6.0,6.0,
14:46:00,5.0,5.0,5.0,5.0,5.0,5.0,5.0,5.0,5.0,6.0,5.0,6.0,5.0,
14:47:00,4.0,4.0,4.0,4.0,4.0,4.0,4.0,4.0,4.0,5.0,4.0,5.0,4.0,
14:48:00,3.0,3.0,3.0,3.0,4.0,3.0,3.0,3.0,3.0,3.0,3.0,4.0,4.0,
14:49:00,2.0,2.0,2.0,2.0,2.0,2.0,2.0,2.0,2.0,2.0,2.0,2.0,2.0,
14:50:00,0.0,0.0,0.0,0.0,1.0,0.0,1.0,0.0,1.0,1.0,1.0,2.0,1.0,
14:51:00,15.0,15.0,15.0,15.0,0.0,15.0,0.0,0.0,0.0,0.0,0.0,0.0,0.0,
14:52:00,14.0,14.0,14.0,14.0,14.0,14.0,14.0,14.0,14.0,14.0,14.0,14.0,15.0,
14:53:00,13.0,13.0,13.0,13.0,13.0,13.0,13.0,13.0,13.0,13.0,13.0,13.0,14.0,
14:54:00,12.0,12.0,12.0,12.0,12.0,12.0,12.0,12.0,12.0,12.0,12.0,12.0,12.0,
14:55:00,11.0,11.0,11.0,11.0,11.0,11.0,11.0,11.0,11.0,11.0,11.0,12.0,11.0,
14:56:00,10.0,10.0,10.0,10.0,10.0,10.0,10.0,10.0,10.0,10.0,11.0,11.0,10.0,
14:57:00,9.0,10.0,9.0,10.0,9.0,9.0,9.0,10.0,10.0,9.0,9.0,9.0,9.0,
14:58:00,8.0,10.0,8.0,10.0,8.0,8.0,9.0,9.0,9.0,8.0,8.0,9.0,8.0,
14:59:00,7.0,9.0,7.0,10.0,7.0,7.0,8.0,7.0,7.0,10.0,7.0,7.0,7.0,
15:00:00,6.0,10.0,6.0,10.0,6.0,6.0,6.0,6.0,6.0,10.0,6.0,6.0,6.0,
15:01:00,5.0,10.0,5.0,10.0,5.0,6.0,5.0,5.0,5.0,9.0,5.0,6.0,6.0,
15:02:00,4.0,10.0,4.0,10.0,4.0,5.0,4.0,4.0,4.0,9.0,4.0,4.0,5.0,
15:03:00,3.0,10.0,3.0,10.0,3.0,4.0,3.0,3.0,3.0,7.0,3.0,3.0,4.0,
15:04:00,2.0,9.0,2.0,9.0,2.0,2.0,2.0,2.0,2.0,6.0,2.0,2.0,2.0,
15:05:00,0.0,6.0,0.0,6.0,0.0,1.0,1.0,1.0,1.0,5.0,1.0,1.0,2.0,
15:06:00,0.0,6.0,15.0,5.0,15.0,0.0,0.0,0.0,0.0,4.0,0.0,0.0,0.0,
15:07:00,14.0,5.0,14.0,4.0,14.0,14.0,14.0,14.0,14.0,2.0,14.0,14.0,15.0,
15:08:00,13.0,4.0,13.0,3.0,13.0,13.0,13.0,13.0,13.0,1.0,13.0,14.0,14.0,
15:09:00,12.0,2.0,12.0,2.0,12.0,12.0,12.0,12.0,12.0,0.0,12.0,13.0,12.0,
15:10:00,11.0,1.0,11.0,1.0,11.0,11.0,11.0,11.0,11.0,11.0,11.0,11.0,12.0,
15:11:00,10.0,0.0,10.0,10.0,10.0,10.0,10.0,10.0,10.0,10.0,10.0,10.0,10.0,
15:12:00,9.0,9.0,9.0,9.0,9.0,9.0,9.0,10.0,9.0,9.0,9.0,10.0,10.0,
15:13:00,9.0,8.0,8.0,10.0,8.0,8.0,8.0,9.0,8.0,8.0,8.0,9.0,8.0,
15:14:00,8.0,7.0,7.0,10.0,7.0,7.0,7.0,7.0,7.0,8.0,7.0,9.0,8.0,
15:15:00,6.0,6.0,7.0,10.0,6.0,6.0,6.0,6.0,6.0,10.0,6.0,9.0,6.0,
15:16:00,5.0,5.0,6.0,9.0,5.0,5.0,5.0,5.0,6.0,10.0,5.0,7.0,5.0,
15:17:00,4.0,4.0,6.0,6.0,4.0,4.0,4.0,4.0,5.0,9.0,4.0,6.0,4.0,
15:18:00,3.0,3.0,6.0,5.0,3.0,3.0,3.0,3.0,4.0,7.0,3.0,5.0,4.0,
15:19:00,2.0,2.0,6.0,4.0,3.0,2.0,2.0,2.0,2.0,6.0,2.0,4.0,2.0,
15:20:00,0.0,0.0,7.0,3.0,2.0,0.0,1.0,1.0,1.0,5.0,1.0,2.0,1.0,
15:21:00,0.0,15.0,6.0,2.0,0.0,0.0,0.0,0.0,0.0,4.0,0.0,2.0,0.0,
15:22:00,14.0,14.0,5.0,1.0,14.0,14.0,14.0,14.0,14.0,2.0,14.0,0.0,14.0,
15:23:00,13.0,13.0,4.0,13.0,13.0,13.0,13.0,13.0,13.0,2.0,13.0,13.0,14.0,
15:24:00,12.0,12.0,3.0,12.0,12.0,12.0,12.0,12.0,12.0,0.0,12.0,13.0,12.0,
15:25:00,11.0,11.0,2.0,11.0,11.0,11.0,11.0,11.0,11.0,11.0,11.0,11.0,11.0,
15:26:00,10.0,10.0,0.0,10.0,10.0,10.0,10.0,10.0,10.0,10.0,10.0,11.0,11.0,
15:27:00,9.0,9.0,9.0,9.0,9.0,10.0,9.0,9.0,9.0,9.0,9.0,9.0,9.0,
15:28:00,8.0,8.0,8.0,9.0,8.0,10.0,8.0,8.0,8.0,9.0,8.0,9.0,8.0,
15:29:00,7.0,7.0,7.0,7.0,7.0,10.0,7.0,7.0,7.0,10.0,7.0,10.0,7.0,
15:30:00,6.0,6.0,7.0,6.0,6.0,9.0,6.0,6.0,6.0,9.0,6.0,10.0,6.0,
15:31:00,5.0,5.0,6.0,5.0,5.0,6.0,5.0,5.0,5.0,7.0,5.0,10.0,5.0,
15:32:00,4.0,4.0,5.0,4.0,4.0,5.0,4.0,4.0,4.0,6.0,4.0,10.0,4.0,
15:33:00,3.0,3.0,3.0,3.0,3.0,4.0,3.0,3.0,3.0,5.0,3.0,9.0,3.0,
15:34:00,2.0,2.0,2.0,2.0,2.0,4.0,2.0,2.0,2.0,4.0,2.0,8.0,2.0,
15:35:00,0.0,0.0,1.0,0.0,0.0,2.0,1.0,0.0,1.0,3.0,1.0,7.0,1.0,
15:36:00,15.0,15.0,0.0,15.0,0.0,1.0,0.0,0.0,0.0,2.0,0.0,6.0,0.0,
15:37:00,14.0,14.0,14.0,14.0,14.0,0.0,14.0,14.0,14.0,0.0,14.0,5.0,14.0,
15:38:00,13.0,13.0,13.0,13.0,13.0,13.0,13.0,13.0,13.0,13.0,13.0,4.0,13.0,
15:39:00,12.0,12.0,12.0,12.0,12.0,12.0,12.0,12.0,12.0,12.0,12.0,2.0,12.0,
15:40:00,11.0,11.0,11.0,11.0,11.0,11.0,11.0,11.0,11.0,11.0,11.0,1.0,11.0,
15:41:00,10.0,10.0,10.0,10.0,10.0,10.0,10.0,10.0,10.0,10.0,10.0,0.0,11.0,
15:42:00,9.0,9.0,9.0,10.0,10.0,9.0,9.0,9.0,9.0,9.0,9.0,10.0,10.0,
15:43:00,8.0,8.0,8.0,8.0,9.0,8.0,8.0,8.0,8.0,9.0,8.0,10.0,9.0,
15:44:00,7.0,7.0,7.0,7.0,7.0,7.0,7.0,7.0,7.0,9.0,7.0,10.0,7.0,
15:45:00,6.0,6.0,6.0,6.0,6.0,6.0,6.0,6.0,6.0,7.0,6.0,10.0,6.0,
15:46:00,5.0,5.0,5.0,5.0,5.0,5.0,5.0,5.0,5.0,6.0,6.0,10.0,6.0,
15:47:00,4.0,4.0,4.0,4.0,4.0,4.0,4.0,4.0,4.0,5.0,4.0,9.0,5.0,
15:48:00,3.0,3.0,3.0,3.0,3.0,3.0,3.0,3.0,3.0,4.0,3.0,7.0,4.0,
15:49:00,2.0,2.0,2.0,2.0,2.0,2.0,2.0,2.0,2.0,3.0,2.0,6.0,3.0,
15:50:00,0.0,1.0,0.0,1.0,1.0,0.0,1.0,1.0,1.0,2.0,1.0,5.0,2.0,
15:51:00,15.0,0.0,15.0,0.0,0.0,0.0,0.0,0.0,0.0,0.0,0.0,4.0,0.0,
15:52:00,14.0,14.0,14.0,14.0,14.0,14.0,14.0,14.0,14.0,14.0,14.0,3.0,14.0,
15:53:00,13.0,13.0,13.0,13.0,13.0,13.0,13.0,13.0,13.0,13.0,14.0,2.0,13.0,
15:54:00,12.0,12.0,12.0,12.0,12.0,12.0,12.0,12.0,12.0,12.0,12.0,0.0,12.0,
15:55:00,11.0,11.0,11.0,11.0,11.0,11.0,11.0,11.0,11.0,11.0,11.0,12.0,12.0,
15:56:00,10.0,10.0,10.0,10.0,10.0,10.0,10.0,10.0,10.0,11.0,10.0,10.0,11.0,
15:57:00,9.0,10.0,9.0,9.0,9.0,10.0,9.0,9.0,9.0,9.0,9.0,10.0,9.0,
15:58:00,8.0,9.0,8.0,9.0,8.0,9.0,10.0,8.0,9.0,8.0,8.0,9.0,9.0,
15:59:00,7.0,7.0,7.0,7.0,7.0,7.0,10.0,7.0,8.0,7.0,9.0,7.0,7.0,
16:00:00,6.0,7.0,6.0,6.0,6.0,6.0,10.0,6.0,6.0,6.0,8.0,7.0,7.0,
16:01:00,5.0,5.0,5.0,5.0,5.0,6.0,9.0,5.0,5.0,5.0,7.0,6.0,6.0,
16:02:00,4.0,4.0,4.0,4.0,4.0,5.0,10.0,4.0,4.0,4.0,6.0,5.0,5.0,
16:03:00,3.0,4.0,3.0,3.0,3.0,4.0,9.0,3.0,3.0,3.0,5.0,4.0,4.0,
16:04:00,2.0,2.0,2.0,2.0,2.0,3.0,6.0,2.0,2.0,2.0,4.0,2.0,3.0,
16:05:00,0.0,1.0,0.0,1.0,0.0,3.0,5.0,1.0,1.0,2.0,2.0,1.0,2.0,
16:06:00,15.0,0.0,15.0,0.0,0.0,2.0,4.0,0.0,0.0,0.0,2.0,0.0,0.0,
16:07:00,14.0,14.0,14.0,14.0,14.0,2.0,3.0,14.0,14.0,15.0,0.0,15.0,15.0,
16:08:00,13.0,13.0,13.0,13.0,13.0,0.0,2.0,13.0,13.0,13.0,13.0,14.0,13.0,
16:09:00,12.0,12.0,12.0,12.0,12.0,12.0,1.0,12.0,12.0,12.0,12.0,13.0,13.0,
16:10:00,11.0,11.0,11.0,11.0,11.0,11.0,0.0,11.0,11.0,11.0,11.0,11.0,12.0,
16:11:00,10.0,10.0,10.0,10.0,10.0,10.0,10.0,10.0,10.0,10.0,10.0,11.0,10.0,
16:12:00,9.0,9.0,9.0,9.0,9.0,9.0,10.0,9.0,10.0,10.0,10.0,10.0,10.0,
16:13:00,10.0,8.0,10.0,8.0,8.0,8.0,10.0,8.0,9.0,9.0,10.0,8.0,8.0,
16:14:00,9.0,7.0,9.0,7.0,7.0,7.0,10.0,8.0,7.0,7.0,10.0,7.0,8.0,
16:15:00,6.0,6.0,6.0,6.0,6.0,6.0,9.0,8.0,6.0,6.0,9.0,7.0,6.0,
16:16:00,5.0,5.0,6.0,5.0,5.0,5.0,6.0,8.0,5.0,5.0,6.0,5.0,5.0,
16:17:00,4.0,4.0,5.0,4.0,4.0,4.0,6.0,8.0,4.0,4.0,5.0,4.0,4.0,
16:18:00,3.0,3.0,4.0,3.0,3.0,3.0,5.0,10.0,3.0,3.0,4.0,3.0,3.0,
16:19:00,2.0,2.0,3.0,2.0,2.0,2.0,4.0,10.0,2.0,3.0,3.0,2.0,2.0,
16:20:00,0.0,1.0,2.0,0.0,0.0,0.0,2.0,10.0,1.0,2.0,2.0,1.0,1.0,
16:21:00,0.0,0.0,0.0,0.0,15.0,0.0,1.0,10.0,0.0,0.0,1.0,0.0,0.0,
16:22:00,14.0,14.0,14.0,14.0,14.0,14.0,0.0,9.0,14.0,14.0,0.0,14.0,15.0,
16:23:00,13.0,13.0,13.0,13.0,13.0,13.0,13.0,6.0,13.0,13.0,14.0,14.0,14.0,
16:24:00,12.0,12.0,12.0,12.0,12.0,12.0,12.0,5.0,12.0,12.0,12.0,13.0,13.0,
16:25:00,11.0,11.0,11.0,11.0,11.0,11.0,11.0,4.0,11.0,11.0,11.0,11.0,11.0,
16:26:00,10.0,10.0,10.0,10.0,10.0,10.0,10.0,3.0,10.0,10.0,10.0,11.0,10.0,
16:27:00,9.0,9.0,9.0,9.0,9.0,9.0,9.0,2.0,9.0,9.0,10.0,10.0,9.0,
16:28:00,8.0,8.0,8.0,8.0,8.0,8.0,8.0,0.0,8.0,8.0,10.0,9.0,9.0,
16:29:00,7.0,7.0,7.0,7.0,7.0,7.0,7.0,0.0,7.0,7.0,10.0,7.0,8.0,
16:30:00,6.0,6.0,6.0,6.0,6.0,6.0,6.0,10.0,6.0,6.0,10.0,7.0,7.0,
16:31:00,5.0,5.0,5.0,5.0,5.0,5.0,5.0,10.0,6.0,5.0,10.0,6.0,5.0,
16:32:00,4.0,4.0,4.0,4.0,4.0,4.0,4.0,9.0,5.0,4.0,9.0,5.0,4.0,
16:33:00,3.0,3.0,3.0,3.0,3.0,3.0,3.0,7.0,4.0,3.0,7.0,4.0,4.0,
16:34:00,2.0,2.0,2.0,2.0,2.0,2.0,2.0,6.0,3.0,2.0,6.0,3.0,2.0,
16:35:00,0.0,0.0,0.0,0.0,0.0,0.0,1.0,4.0,2.0,1.0,5.0,2.0,2.0,
16:36:00,15.0,15.0,15.0,0.0,0.0,15.0,0.0,4.0,0.0,0.0,4.0,0.0,0.0,
16:37:00,14.0,14.0,14.0,14.0,14.0,14.0,14.0,2.0,14.0,14.0,2.0,14.0,14.0,
16:38:00,13.0,13.0,13.0,13.0,13.0,13.0,13.0,1.0,13.0,13.0,1.0,14.0,13.0,
16:39:00,12.0,12.0,12.0,12.0,12.0,12.0,12.0,12.0,12.0,12.0,0.0,13.0,12.0,
16:40:00,11.0,11.0,11.0,11.0,11.0,11.0,11.0,11.0,11.0,11.0,11.0,11.0,11.0,
16:41:00,10.0,10.0,10.0,10.0,10.0,10.0,10.0,10.0,10.0,10.0,10.0,10.0,11.0,
16:42:00,9.0,9.0,9.0,9.0,9.0,9.0,9.0,9.0,10.0,9.0,9.0,9.0,10.0,
16:43:00,8.0,8.0,8.0,8.0,8.0,8.0,8.0,8.0,10.0,8.0,8.0,8.0,9.0,
16:44:00,7.0,7.0,7.0,7.0,7.0,10.0,7.0,7.0,9.0,7.0,8.0,7.0,8.0,
16:45:00,6.0,6.0,6.0,6.0,6.0,9.0,6.0,6.0,6.0,6.0,6.0,6.0,10.0,
16:46:00,5.0,5.0,5.0,5.0,5.0,6.0,5.0,5.0,6.0,5.0,5.0,5.0,9.0,
16:47:00,4.0,4.0,4.0,4.0,4.0,6.0,4.0,4.0,6.0,4.0,4.0,4.0,8.0,
16:48:00,3.0,3.0,3.0,3.0,3.0,5.0,3.0,3.0,5.0,4.0,4.0,3.0,6.0,
16:49:00,2.0,2.0,2.0,2.0,2.0,4.0,2.0,2.0,4.0,3.0,2.0,2.0,5.0,
16:50:00,0.0,0.0,0.0,0.0,1.0,3.0,1.0,0.0,3.0,2.0,1.0,1.0,4.0,
16:51:00,15.0,15.0,0.0,15.0,0.0,2.0,0.0,0.0,2.0,0.0,0.0,0.0,3.0,
16:52:00,14.0,14.0,14.0,14.0,14.0,0.0,14.0,14.0,0.0,14.0,14.0,14.0,2.0,
16:53:00,13.0,13.0,13.0,13.0,13.0,13.0,13.0,13.0,13.0,13.0,13.0,13.0,1.0,
16:54:00,12.0,12.0,12.0,12.0,12.0,12.0,12.0,12.0,12.0,12.0,12.0,12.0,0.0,
16:55:00,11.0,11.0,11.0,11.0,11.0,11.0,11.0,11.0,11.0,11.0,11.0,12.0,11.0,
16:56:00,10.0,10.0,10.0,10.0,10.0,10.0,10.0,10.0,10.0,10.0,10.0,10.0,10.0,
16:57:00,9.0,9.0,9.0,9.0,10.0,9.0,9.0,10.0,9.0,9.0,10.0,9.0,10.0,
16:58:00,8.0,9.0,9.0,8.0,9.0,8.0,8.0,9.0,8.0,8.0,8.0,9.0,8.0,
16:59:00,7.0,7.0,9.0,7.0,7.0,7.0,7.0,7.0,7.0,7.0,7.0,7.0,8.0,
17:00:00,6.0,6.0,7.0,6.0,6.0,6.0,6.0,6.0,6.0,6.0,6.0,6.0,6.0,
17:01:00,5.0,5.0,6.0,5.0,5.0,5.0,5.0,5.0,6.0,5.0,5.0,6.0,5.0,
17:02:00,4.0,4.0,5.0,4.0,4.0,4.0,4.0,4.0,5.0,4.0,4.0,4.0,4.0,
17:03:00,3.0,3.0,4.0,3.0,3.0,3.0,3.0,3.0,4.0,3.0,3.0,3.0,4.0,
17:04:00,2.0,2.0,2.0,2.0,2.0,2.0,2.0,2.0,3.0,2.0,2.0,2.0,2.0,
17:05:00,0.0,0.0,1.0,0.0,0.0,0.0,0.0,1.0,2.0,1.0,1.0,1.0,1.0,
17:06:00,16.0,0.0,0.0,17.0,0.0,0.0,17.0,0.0,0.0,0.0,0.0,0.0,0.0,
17:07:00,16.0,15.0,16.0,16.0,16.0,16.0,16.0,16.0,16.0,16.0,16.0,16.0,16.0,
17:08:00,14.0,14.0,14.0,15.0,15.0,15.0,15.0,15.0,15.0,15.0,15.0,15.0,15.0,
17:09:00,13.0,13.0,14.0,14.0,14.0,14.0,14.0,14.0,14.0,14.0,14.0,14.0,14.0,
17:10:00,12.0,12.0,12.0,13.0,13.0,13.0,13.0,13.0,13.0,13.0,13.0,13.0,13.0,
17:11:00,11.0,11.0,11.0,12.0,12.0,12.0,12.0,12.0,12.0,12.0,12.0,12.0,12.0,
17:12:00,10.0,11.0,11.0,11.0,11.0,11.0,11.0,11.0,11.0,11.0,11.0,11.0,11.0,
17:13:00,9.0,10.0,10.0,10.0,10.0,10.0,10.0,10.0,10.0,10.0,10.0,10.0,10.0,
17:14:00,8.0,8.0,9.0,8.0,9.0,9.0,10.0,9.0,9.0,9.0,9.0,9.0,9.0,
17:15:00,7.0,7.0,8.0,8.0,8.0,8.0,10.0,8.0,8.0,8.0,8.0,8.0,8.0,
17:16:00,6.0,7.0,7.0,7.0,7.0,7.0,10.0,7.0,7.0,7.0,7.0,7.0,7.0,
17:17:00,5.0,5.0,6.0,6.0,6.0,6.0,9.0,6.0,6.0,6.0,6.0,6.0,6.0,
17:18:00,4.0,4.0,5.0,5.0,5.0,5.0,6.0,5.0,5.0,5.0,5.0,5.0,5.0,
17:19:00,3.0,4.0,4.0,4.0,4.0,4.0,5.0,4.0,4.0,4.0,4.0,4.0,4.0,
17:20:00,2.0,3.0,2.0,3.0,2.0,2.0,4.0,2.0,3.0,3.0,3.0,3.0,3.0,
17:21:00,1.0,2.0,1.0,1.0,1.0,2.0,3.0,1.0,2.0,2.0,2.0,2.0,2.0,
17:22:00,0.0,0.0,0.0,0.0,0.0,0.0,2.0,0.0,0.0,0.0,0.0,0.0,0.0,
17:23:00,14.0,14.0,14.0,15.0,15.0,15.0,0.0,15.0,0.0,15.0,15.0,15.0,0.0,
17:24:00,13.0,14.0,14.0,14.0,14.0,14.0,14.0,14.0,14.0,14.0,14.0,14.0,14.0,
17:25:00,12.0,13.0,13.0,13.0,13.0,13.0,13.0,13.0,13.0,13.0,13.0,13.0,13.0,
17:26:00,11.0,11.0,12.0,12.0,12.0,12.0,12.0,12.0,12.0,12.0,12.0,12.0,12.0,
17:27:00,10.0,10.0,11.0,11.0,11.0,11.0,11.0,11.0,11.0,11.0,11.0,11.0,11.0,
17:28:00,9.0,9.0,9.0,10.0,9.0,10.0,10.0,10.0,10.0,10.0,10.0,10.0,10.0,
17:29:00,8.0,9.0,8.0,9.0,9.0,9.0,10.0,9.0,9.0,9.0,9.0,10.0,9.0,
17:30:00,7.0,7.0,7.0,8.0,8.0,8.0,9.0,8.0,8.0,8.0,8.0,9.0,8.0,
17:31:00,6.0,6.0,6.0,7.0,7.0,7.0,7.0,7.0,7.0,7.0,7.0,7.0,7.0,
17:32:00,5.0,6.0,6.0,6.0,6.0,6.0,6.0,6.0,6.0,6.0,6.0,6.0,6.0,
17:33:00,4.0,4.0,4.0,5.0,5.0,5.0,5.0,5.0,5.0,5.0,5.0,5.0,5.0,
17:34:00,3.0,4.0,3.0,4.0,4.0,4.0,4.0,4.0,4.0,4.0,4.0,4.0,4.0,
17:35:00,2.0,2.0,2.0,3.0,3.0,2.0,3.0,3.0,3.0,3.0,2.0,3.0,3.0,
17:36:00,1.0,1.0,1.0,1.0,2.0,1.0,2.0,2.0,1.0,2.0,2.0,2.0,2.0,
17:37:00,0.0,0.0,0.0,0.0,0.0,0.0,0.0,0.0,0.0,0.0,0.0,1.0,0.0,
17:38:00,13.0,13.0,13.0,13.0,13.0,13.0,13.0,13.0,13.0,13.0,13.0,0.0,13.0,
17:39:00,12.0,12.0,12.0,12.0,12.0,12.0,12.0,12.0,12.0,12.0,12.0,13.0,12.0,
17:40:00,11.0,11.0,11.0,11.0,11.0,11.0,11.0,11.0,11.0,11.0,11.0,12.0,12.0,
17:41:00,10.0,10.0,10.0,10.0,10.0,10.0,10.0,10.0,10.0,10.0,11.0,10.0,11.0,
17:42:00,9.0,10.0,9.0,9.0,9.0,10.0,10.0,9.0,9.0,9.0,9.0,9.0,9.0,
17:43:00,10.0,9.0,10.0,8.0,8.0,9.0,9.0,8.0,8.0,9.0,8.0,8.0,8.0,
17:44:00,9.0,7.0,9.0,7.0,7.0,7.0,7.0,7.0,7.0,7.0,7.0,7.0,7.0,
17:45:00,7.0,6.0,6.0,7.0,6.0,7.0,6.0,6.0,6.0,7.0,6.0,6.0,7.0,
17:46:00,6.0,5.0,6.0,6.0,5.0,6.0,5.0,5.0,6.0,6.0,5.0,7.0,7.0,
17:47:00,5.0,4.0,6.0,5.0,3.0,5.0,4.0,4.0,4.0,5.0,4.0,6.0,5.0,
17:48:00,4.0,3.0,5.0,4.0,2.0,4.0,3.0,3.0,3.0,4.0,3.0,4.0,5.0,
17:49:00,2.0,2.0,3.0,3.0,2.0,3.0,2.0,2.0,2.0,3.0,2.0,3.0,3.0,
17:50:00,2.0,1.0,2.0,2.0,0.0,2.0,1.0,0.0,1.0,2.0,1.0,2.0,2.0,
17:51:00,0.0,0.0,0.0,0.0,15.0,0.0,0.0,15.0,0.0,1.0,0.0,1.0,1.0,
17:52:00,14.0,14.0,14.0,14.0,14.0,14.0,14.0,14.0,14.0,0.0,14.0,0.0,0.0,
17:53:00,13.0,13.0,13.0,13.0,13.0,13.0,13.0,13.0,13.0,13.0,13.0,14.0,14.0,
17:54:00,12.0,12.0,12.0,12.0,12.0,12.0,12.0,12.0,12.0,12.0,12.0,13.0,12.0,
17:55:00,11.0,11.0,11.0,11.0,11.0,11.0,11.0,11.0,11.0,11.0,11.0,12.0,11.0,
17:56:00,10.0,10.0,10.0,10.0,10.0,10.0,10.0,10.0,10.0,10.0,10.0,10.0,11.0,
17:57:00,9.0,9.0,9.0,9.0,9.0,10.0,9.0,9.0,9.0,10.0,9.0,9.0,9.0,
17:58:00,8.0,8.0,8.0,8.0,9.0,10.0,8.0,8.0,8.0,9.0,8.0,9.0,9.0,
17:59:00,7.0,7.0,8.0,7.0,8.0,9.0,7.0,7.0,7.0,7.0,7.0,8.0,8.0,
18:00:00,6.0,6.0,10.0,6.0,7.0,7.0,6.0,6.0,6.0,6.0,6.0,6.0,7.0,
18:01:00,5.0,5.0,9.0,5.0,6.0,7.0,6.0,5.0,6.0,5.0,6.0,5.0,5.0,
18:02:00,4.0,4.0,7.0,4.0,5.0,6.0,5.0,5.0,5.0,4.0,5.0,4.0,5.0,
18:03:00,3.0,3.0,6.0,3.0,4.0,5.0,4.0,4.0,4.0,3.0,4.0,3.0,3.0,
18:04:00,2.0,2.0,5.0,2.0,2.0,4.0,2.0,2.0,3.0,2.0,2.0,2.0,3.0,
18:05:00,1.0,1.0,4.0,0.0,1.0,2.0,1.0,1.0,2.0,1.0,1.0,1.0,2.0,
18:06:00,0.0,0.0,3.0,15.0,0.0,2.0,0.0,0.0,0.0,0.0,0.0,0.0,0.0,
18:07:00,14.0,14.0,2.0,14.0,14.0,0.0,14.0,14.0,14.0,14.0,14.0,14.0,14.0,
18:08:00,13.0,13.0,0.0,13.0,13.0,13.0,13.0,13.0,13.0,14.0,13.0,14.0,13.0,
18:09:00,12.0,12.0,0.0,12.0,12.0,12.0,12.0,12.0,12.0,12.0,12.0,13.0,13.0,
18:10:00,11.0,11.0,11.0,11.0,11.0,11.0,11.0,11.0,11.0,12.0,11.0,11.0,11.0,
18:11:00,10.0,10.0,10.0,10.0,10.0,10.0,10.0,10.0,10.0,10.0,10.0,10.0,11.0,
18:12:00,9.0,9.0,9.0,9.0,10.0,9.0,9.0,9.0,10.0,9.0,10.0,10.0,9.0,
18:13:00,8.0,8.0,8.0,8.0,8.0,8.0,8.0,8.0,9.0,8.0,8.0,8.0,10.0,
18:14:00,7.0,7.0,7.0,7.0,7.0,7.0,7.0,7.0,7.0,7.0,7.0,8.0,9.0,
18:15:00,6.0,6.0,7.0,6.0,7.0,6.0,6.0,6.0,6.0,6.0,6.0,6.0,6.0,
18:16:00,5.0,5.0,6.0,5.0,6.0,5.0,5.0,5.0,6.0,6.0,5.0,6.0,7.0,
18:17:00,4.0,4.0,5.0,4.0,5.0,4.0,4.0,4.0,5.0,5.0,4.0,5.0,6.0,
18:18:00,3.0,3.0,4.0,3.0,4.0,3.0,3.0,3.0,4.0,4.0,3.0,4.0,5.0,
18:19:00,2.0,2.0,2.0,2.0,2.0,2.0,2.0,2.0,2.0,2.0,2.0,3.0,4.0,
18:20:00,0.0,0.0,1.0,1.0,1.0,0.0,1.0,0.0,1.0,2.0,1.0,1.0,3.0,
18:21:00,15.0,15.0,0.0,0.0,0.0,0.0,0.0,0.0,0.0,0.0,0.0,0.0,3.0,
18:22:00,14.0,14.0,0.0,14.0,14.0,14.0,14.0,14.0,14.0,14.0,14.0,14.0,3.0,
18:23:00,13.0,13.0,13.0,13.0,13.0,13.0,13.0,13.0,13.0,13.0,13.0,13.0,3.0,
18:24:00,12.0,12.0,12.0,12.0,12.0,12.0,12.0,12.0,12.0,12.0,12.0,12.0,3.0,
18:25:00,11.0,11.0,11.0,11.0,11.0,11.0,11.0,11.0,11.0,11.0,11.0,12.0,2.0,
18:26:00,10.0,10.0,10.0,10.0,10.0,10.0,10.0,10.0,10.0,10.0,10.0,11.0,0.0,
18:27:00,9.0,9.0,9.0,9.0,9.0,10.0,9.0,9.0,9.0,10.0,9.0,9.0,9.0,
18:28:00,8.0,8.0,8.0,8.0,8.0,9.0,8.0,8.0,8.0,8.0,8.0,8.0,8.0,
18:29:00,7.0,7.0,7.0,7.0,7.0,7.0,7.0,7.0,7.0,7.0,7.0,7.0,8.0,
18:30:00,6.0,6.0,6.0,6.0,7.0,6.0,6.0,6.0,6.0,6.0,6.0,6.0,7.0,
18:31:00,5.0,5.0,5.0,5.0,6.0,5.0,5.0,5.0,5.0,6.0,5.0,6.0,6.0,
18:32:00,4.0,4.0,4.0,4.0,5.0,4.0,5.0,4.0,4.0,4.0,4.0,5.0,5.0,
18:33:00,3.0,3.0,3.0,3.0,3.0,3.0,4.0,3.0,3.0,3.0,3.0,4.0,4.0,
18:34:00,2.0,2.0,2.0,2.0,2.0,2.0,2.0,2.0,2.0,2.0,2.0,2.0,3.0,
18:35:00,0.0,0.0,0.0,0.0,1.0,1.0,1.0,1.0,1.0,1.0,1.0,2.0,2.0,
18:36:00,15.0,15.0,0.0,0.0,0.0,0.0,0.0,0.0,0.0,0.0,0.0,0.0,0.0,
18:37:00,14.0,14.0,14.0,14.0,14.0,14.0,14.0,14.0,14.0,16.0,14.0,15.0,15.0,
18:38:00,13.0,13.0,13.0,13.0,13.0,13.0,13.0,13.0,13.0,15.0,13.0,13.0,13.0,
18:39:00,12.0,12.0,12.0,12.0,12.0,12.0,12.0,12.0,12.0,14.0,12.0,13.0,13.0,
18:40:00,11.0,11.0,11.0,11.0,11.0,11.0,11.0,11.0,11.0,13.0,11.0,11.0,12.0,
18:41:00,10.0,10.0,10.0,10.0,10.0,10.0,10.0,10.0,10.0,12.0,10.0,11.0,11.0,
18:42:00,9.0,9.0,9.0,10.0,9.0,9.0,10.0,9.0,9.0,11.0,9.0,9.0,10.0,
18:43:00,8.0,8.0,8.0,9.0,10.0,8.0,9.0,9.0,8.0,8.0,8.0,10.0,8.0,
18:44:00,7.0,7.0,7.0,7.0,10.0,7.0,7.0,8.0,7.0,8.0,10.0,9.0,9.0,
18:45:00,6.0,6.0,6.0,6.0,10.0,7.0,6.0,6.0,6.0,8.0,9.0,7.0,7.0,
18:46:00,5.0,5.0,5.0,5.0,9.0,6.0,5.0,6.0,5.0,8.0,6.0,6.0,7.0,
18:47:00,4.0,4.0,4.0,4.0,6.0,4.0,4.0,5.0,4.0,9.0,5.0,5.0,6.0,
18:48:00,3.0,3.0,3.0,3.0,5.0,3.0,3.0,4.0,4.0,9.0,4.0,4.0,4.0,
18:49:00,2.0,2.0,2.0,2.0,4.0,2.0,2.0,3.0,3.0,7.0,3.0,3.0,3.0,
18:50:00,0.0,1.0,0.0,1.0,3.0,0.0,1.0,1.0,2.0,6.0,2.0,2.0,2.0,
18:51:00,,0.0,0.0,0.0,2.0,,0.0,0.0,0.0,5.0,1.0,0.0,0.0,
18:52:00,,,,,0.0,,,,,4.0,0.0,,0.0,
18:53:00,,,,,,,,,,2.0,,,,
18:54:00,,,,,,,,,,1.0,,,,
18:55:00,,,,,,,,,,0.0,,,,
